Популярные запросы	Kлики	Показы	CTR	Позиция
баском	18	392	4,6 %	9,1
салазки для сидений в микроавтобус	5	70	7,1 %	4,8
люк форд транзит	5	52	9,6 %	6,7
шторки в микроавтобус	5	50	10 %	2,9
боковое стекло газель некст автобус	5	14	35,7 %	1,0
купить турецкие сиденья на спринтер	4	58	6,9 %	2,3
купить сиденья для микроавтобуса	4	49	8,2 %	4,5
шторки для микроавтобуса	4	40	10 %	5,0
рельсы для сидений	4	36	11,1 %	2,4
диваны для микроавтобусов	3	113	2,7 %	8,0
шторки для буса	3	46	6,5 %	4,8
стекло боковое газель некст	3	43	7 %	1,1
багажник на мерседес спринтер	3	36	8,3 %	1,2
багажник на заднюю дверь микроавтобуса	3	35	8,6 %	1,1
обшивка салона форд транзит	3	31	9,7 %	2,1
диван в микроавтобус	3	26	11,5 %	4,5
ремни безопасности для автобуса	3	18	16,7 %	3,1
багажные полки для микроавтобусов	3	17	17,6 %	3,5
bus com	3	4	75 %	2,2
багажник на микроавтобус	2	170	1,2 %	6,9
подлокотник газель некст	2	146	1,4 %	5,6
комплектующие для переоборудования микроавтобусов	2	119	1,7 %	4,3
stf2	2	82	2,4 %	7,9
подножка газель некст	2	78	2,6 %	1,2
линолеум для автобуса	2	63	3,2 %	3,7
шторки на газель некст	2	55	3,6 %	4,7
сиденье газон некст	2	49	4,1 %	6,0
поворотный механизм для автокресла	2	45	4,4 %	4,6
мерседес спринтер багажник	2	43	4,7 %	1,0
стекло боковое форд транзит	2	41	4,9 %	4,3
навесной багажник на мерседес спринтер цена	2	38	5,3 %	7,8
откидной столик в микроавтобус	2	32	6,2 %	1,2
сиденья автобуса	2	24	8,3 %	2,8
подлокотник газель некст купить	2	22	9,1 %	8,4
сиденья для автобуса	2	20	10 %	3,2
стекла форд транзит	2	11	18,2 %	2,3
где купить	2	7	28,6 %	23,4
шторки на газель	1	128	0,8 %	2,6
сиденья для микроавтобусов	1	124	0,8 %	2,2
салазки для сидений	1	117	0,9 %	7,8
кнопка стоп в автобусе	1	110	0,9 %	6,8
сидения для микроавтобусов	1	100	1 %	3,9
поручни в автобусе	1	100	1 %	4,6
кронштейн для поручня	1	99	1 %	28,1
электропривод сдвижной двери	1	98	1 %	7,4
стекло люка	1	88	1,1 %	1,7
столик в микроавтобус	1	74	1,4 %	1,9
поворотные сиденья	1	71	1,4 %	3,3
боковое стекло форд транзит	1	69	1,4 %	4,8
stf1	1	59	1,7 %	16,0
боковое стекло газель некст	1	51	2 %	1,1
сиденье автобуса	1	47	2,1 %	10,4
заднее стекло газель некст	1	43	2,3 %	2,2
шторки на форд транзит	1	42	2,4 %	4,0
поворотный механизм для сидений	1	41	2,4 %	11,1
сиденья в автобусе	1	38	2,6 %	5,8
электропривод сдвижной двери форд транзит	1	36	2,8 %	1,9
обшивка кузова форд транзит	1	35	2,9 %	6,3
поворотные сиденья для микроавтобусов	1	34	2,9 %	4,1
стекло на газель некст	1	32	3,1 %	5,7
стол в микроавтобус	1	31	3,2 %	2,5
шторки в бус	1	31	3,2 %	7,3
mercedes sprinter багажник	1	30	3,3 %	1,0
стекло боковое газель	1	29	3,4 %	1,1
багажник спринтер	1	28	3,6 %	1,6
шторки форд транзит	1	25	4 %	2,6
столик в бус	1	25	4 %	8,5
столик на спинку сиденья	1	24	4,2 %	1,7
диван трансформер для микроавтобуса	1	24	4,2 %	3,3
оса 9000	1	24	4,2 %	4,4
ремень безопасности двухточечный	1	24	4,2 %	8,5
шторки для микроавтобуса купить	1	23	4,3 %	1,9
подлокотник газель next	1	23	4,3 %	3,5
люк для микроавтобуса	1	22	4,5 %	5,3
откидной механизм	1	22	4,5 %	7,7
поручни для автобусов купить	1	21	4,8 %	5,6
боковое стекло на газель некст	1	20	5 %	1,6
ооо баском	1	17	5,9 %	7,4
поворотный механизм для сидений авто	1	17	5,9 %	8,0
салон трансформер для микроавтобуса	1	17	5,9 %	13,7
защелка на форточку	1	16	6,2 %	1,4
сидения автобуса	1	11	9,1 %	5,8
сиденья в микроавтобус	1	11	9,1 %	5,9
stf3	1	10	10 %	3,6
автобусные сиденья	1	10	10 %	3,7
сиденье газель нн	1	10	10 %	25,9
шторы для автобуса	1	9	11,1 %	2,7
купить	1	9	11,1 %	9,8
диван трансформер в микроавтобус купить	1	8	12,5 %	7,9
да	1	4	25 %	2,0
обшивка фургона пежо боксер	1	4	25 %	24,8
найти	1	2	50 %	1,0
что это	1	2	50 %	1,0
артикул	1	2	50 %	3,5
907	1	1	100 %	1,0
длиная	1	1	100 %	1,0
как оно называется?	1	1	100 %	1,0
купить колпаки на спринтер	1	1	100 %	2,0
форд транзит	1	1	100 %	2,0
2023 года	1	1	100 %	3,0
где его найти	1	1	100 %	3,0
где можно купить?	1	1	100 %	3,0
пассажирское	1	1	100 %	3,0
купить сиденья для микроавтобуса бу	1	1	100 %	5,0
поворотный механизм	1	1	100 %	6,0
дай ссылки на сайты	1	1	100 %	7,0
шторки	0	3 142	0 %	4,1
сиденье	0	2 547	0 %	4,3
плафон освещения	0	237	0 %	2,9
пассажирское сиденье	0	232	0 %	8,0
электропривод двери	0	221	0 %	10,5
трехточечный ремень безопасности	0	200	0 %	9,1
шторки для микроавтобусов	0	187	0 %	10,1
столик в салон микроавтобуса	0	167	0 %	2,8
клей для ткани	0	163	0 %	23,3
стекло форд транзит	0	148	0 %	8,1
направляющие для сидений	0	140	0 %	6,7
размер газели s плместится ли диван	0	136	0 %	2,5
седенье	0	127	0 %	4,0
водительское сиденье	0	109	0 %	3,9
стекло на газель	0	108	0 %	9,6
сиденья для микроавтобуса	0	105	0 %	2,1
информационные наклейки	0	105	0 %	2,7
стекло газель некст	0	105	0 %	4,9
задняя подножка	0	104	0 %	2,1
раскладной столик в салон минивэна	0	102	0 %	7,5
багажник на заднюю дверь	0	100	0 %	1,2
сиденье паз	0	100	0 %	13,6
пассажирские сиденья	0	95	0 %	10,4
сидения для автобусов	0	94	0 %	1,6
диван в газель	0	94	0 %	6,7
поручень в автобусе	0	90	0 %	8,5
двухточечный ремень безопасности	0	89	0 %	10,2
подножка газель	0	83	0 %	2,2
сиденье водительское	0	81	0 %	5,0
цанговое крепление	0	75	0 %	5,5
мебельный клей для ткани	0	75	0 %	9,5
размер лобового стекла газель некст	0	74	0 %	2,1
поручень автобуса	0	73	0 %	2,4
салазки сидений	0	72	0 %	4,8
установка сидений паз	0	70	0 %	11,6
защелка для форточки	0	68	0 %	1,8
стекло газель	0	66	0 %	5,7
шторки газель	0	65	0 %	2,1
багажник мерседес спринтер	0	64	0 %	1,0
подножка	0	62	0 %	10,3
багажник на газель	0	60	0 %	15,4
табло стоп в автобусе	0	59	0 %	4,6
сиденье с амортизатором на газель	0	59	0 %	10,4
водительское сидение	0	58	0 %	8,1
шторы на газель	0	55	0 %	2,5
сиденья	0	55	0 %	20,6
шторки в газель	0	54	0 %	3,2
шторы в автобус	0	53	0 %	3,5
поворотный механизм для кресла	0	50	0 %	14,7
шторки газель некст	0	48	0 %	3,2
автобус сиденья	0	46	0 %	4,2
информационная наклейка	0	44	0 %	1,8
подлокотник газель некст водительское сиденье	0	43	0 %	8,1
стекло сдвижной двери газель некст	0	42	0 %	1,0
защелка форточки газель	0	40	0 %	1,0
антивандальные сиденья	0	39	0 %	4,1
багажник на спринтер	0	38	0 %	1,8
шторки на микроавтобус	0	38	0 %	5,1
термошумоизоляция	0	38	0 %	6,3
заднее стекло форд транзит	0	38	0 %	8,1
пассажирское кресло	0	38	0 %	8,4
навесной багажник на мерседес спринтер	0	37	0 %	5,0
салон форд транзит	0	37	0 %	6,8
бас ком	0	36	0 %	5,3
линолеум антискользящий	0	36	0 %	7,9
шторы в газель	0	34	0 %	2,0
водительское кресло	0	34	0 %	7,4
поворотный механизм для кресла автомобильного	0	34	0 %	10,7
шторы для газели	0	33	0 %	1,4
багажник автобуса	0	33	0 %	3,4
багажник на форд транзит	0	33	0 %	5,3
замок форточки	0	32	0 %	1,1
сиденье в автобусе	0	32	0 %	9,5
электропривод сдвижной двери для микроавтобусов	0	32	0 %	12,3
наклейки на микроавтобус	0	30	0 %	2,4
шторки на окна форд транзит	0	30	0 %	5,4
стекло для iveco	0	30	0 %	13,8
багажник форд транзит	0	29	0 %	6,5
вентиляционный люк автобуса	0	29	0 %	44,2
шторы на автобус	0	28	0 %	2,1
сиденья ривьера	0	28	0 %	5,2
сиденье газель некст	0	28	0 %	21,1
стекло боковое газель next	0	27	0 %	6,7
боковое стекло на газель	0	26	0 %	6,0
салазки для сидений цена	0	26	0 %	6,9
подножка сдвижной двери газель	0	26	0 %	7,7
обшивка фургона форд транзит	0	26	0 %	8,9
откидные сиденья	0	26	0 %	12,5
ford transit размер багажника	0	26	0 %	18,0
багажник на газель некст	0	25	0 %	1,0
поворотный механизм для сидений автомобиля	0	25	0 %	8,6
купить шторки для микроавтобуса	0	25	0 %	8,6
сиденье водителя	0	25	0 %	12,1
мерседес спринтер длинная база размеры	0	24	0 %	1,7
салазки для сидений стоимость	0	24	0 %	6,1
перила в автобусе	0	24	0 %	7,3
пассажирском сиденье	0	24	0 %	7,6
что делает кнопка стоп в автобусе	0	24	0 %	8,2
пассажирское сидение	0	24	0 %	8,8
сиденье водителя газель некст	0	24	0 %	14,1
для чего кнопка стоп в автобусе	0	23	0 %	7,2
салазки для сидений купить	0	23	0 %	7,4
лобовое стекло мерседес спринтер	0	23	0 %	24,5
отопитель автобуса	0	23	0 %	29,3
ремень безопасности паз	0	22	0 %	6,4
сиденье газон некст водительское	0	22	0 %	8,8
направляющие для шторок	0	22	0 %	9,6
шторы на газель некст	0	21	0 %	2,3
трехточечные ремни безопасности	0	21	0 %	6,4
газель сзади	0	20	0 %	1,4
салазки сиденья	0	20	0 %	2,1
шторки в автобус	0	20	0 %	3,0
плафоны освещения	0	20	0 %	5,6
купить люк для микроавтобуса	0	20	0 %	15,8
мерседес спринтер классик размеры	0	19	0 %	1,0
купить антивандальные сиденья	0	19	0 %	6,3
изолон шумоизоляция	0	19	0 %	10,9
обшивка фургона форд	0	19	0 %	17,8
переоборудование микроавтобусов	0	19	0 %	17,8
багажные полки в автобус	0	19	0 %	42,7
размер бокового стекла газель бизнес	0	18	0 %	2,0
шторы в микроавтобус	0	18	0 %	2,9
шторки для газели	0	18	0 %	3,2
отопитель салона микроавтобуса	0	18	0 %	5,7
штатный подлокотник газель некст	0	18	0 %	6,9
боковое стекло на форд транзит	0	18	0 %	14,7
сломался подлокотник газель некст	0	18	0 %	23,3
фву	0	18	0 %	24,9
багажник на заднюю дверь автомобиля	0	17	0 %	1,4
боковое стекло мерседес спринтер	0	17	0 %	1,5
мерседес спринтер багажное отделение	0	17	0 %	1,7
фото	0	17	0 %	2,5
купить ремни безопасности для автобуса	0	17	0 %	4,2
зачем кнопка стоп в автобусе	0	17	0 %	7,9
диван тандем	0	17	0 %	8,6
сиденье пассажирское	0	17	0 %	9,1
изолон 4 мм	0	17	0 %	16,2
электропривод сдвижной двери для микроавтобусов купить	0	17	0 %	20,8
люки вентиляционные автобусные	0	17	0 %	42,0
ремень безопасности	0	16	0 %	7,2
форд транзит салон	0	16	0 %	8,9
электропривод для двери	0	16	0 %	13,4
водительские сиденья	0	16	0 %	13,7
купить боковые стекла форд транзит	0	16	0 %	14,6
тюнинг салона паз	0	16	0 %	20,9
спринтер багажник	0	15	0 %	1,0
обшивка салона ford transit	0	15	0 %	8,5
сиденье водительское купить	0	15	0 %	11,0
линолеум нескользящий	0	15	0 %	15,1
лампа бабочка	0	15	0 %	16,6
форточка газель некст	0	15	0 %	16,7
лобовое стекло ситроен джампер	0	15	0 %	20,5
силенье	0	14	0 %	3,4
сидения в автобусе	0	14	0 %	5,6
люк в автобусе	0	14	0 %	6,9
зачем нужна кнопка стоп в автобусе	0	14	0 %	8,1
лобовое стекло пежо боксер 3	0	14	0 %	16,3
обшивка фургонов пластиком ситроен джампи	0	14	0 %	22,5
лампа с бабочками	0	14	0 %	23,2
люк аварийный вентиляционный автобусный	0	14	0 %	33,9
туристические сиденья для микроавтобуса	0	13	0 %	1,2
стекло заднее левое газель некст	0	13	0 %	2,1
кронштейн поручня	0	13	0 %	2,5
сидение водительское	0	13	0 %	5,5
ford transit салон	0	13	0 %	6,2
стекло форд	0	13	0 %	7,1
подлокотник газель некст штатный	0	13	0 %	7,5
для чего нужна кнопка стоп в автобусе	0	13	0 %	8,5
выдвижная подножка для микроавтобуса	0	13	0 %	15,5
боковое левое стекло форд транзит	0	13	0 %	15,8
багажник на крышу мерседес спринтер	0	13	0 %	16,8
водительское сиденье газель некст	0	13	0 %	17,8
ручка кресла	0	13	0 %	20,3
размеры лобового стекла газель некст	0	12	0 %	2,0
сиденье в микроавтобус	0	12	0 %	3,4
шторки для автобуса	0	12	0 %	3,5
купить навесной багажник на спринтер	0	12	0 %	3,6
baskom	0	12	0 %	5,8
кресло в автобусе	0	12	0 %	6,0
сиденье автобуса паз	0	12	0 %	16,0
переделка микроавтобусов	0	12	0 %	23,2
багажник на крышу газель некст	0	12	0 %	23,4
навесной багажник спринтер	0	11	0 %	1,0
салазки изогнул	0	11	0 %	3,5
турецкие сидения для микроавтобусов цена	0	11	0 %	3,8
bus.com	0	11	0 %	5,4
колпаки на мерседес спринтер	0	11	0 %	6,0
диван из автокресел	0	11	0 %	6,6
сиденье для автобуса	0	11	0 %	8,5
багажник минивэна	0	11	0 %	10,0
стекло ивеко	0	11	0 %	10,4
шторки на газель бизнес	0	11	0 %	12,5
подлокотник на сиденье газель	0	11	0 %	13,5
колпаки мерседес спринтер	0	11	0 %	14,2
обшивка фургонов пластиком пежо боксер	0	11	0 %	14,3
пассажирское сиденье газель фермер	0	11	0 %	14,3
кронштейн для крепления поручня	0	11	0 %	15,5
стекло задней двери пежо боксер	0	11	0 %	20,8
купить заднее стекло форд транзит	0	11	0 %	23,6
резинка лобового стекла форд транзит	0	11	0 %	24,5
салон микроавтобуса	0	11	0 %	27,4
турецкие сидения для автобусов	0	11	0 %	31,4
габариты мерседес спринтер классик	0	10	0 %	1,0
клей для материи	0	10	0 %	4,6
боковое стекло ситроен джампер	0	10	0 %	4,9
комфортные сиденья в микроавтобус	0	10	0 %	5,0
хром пакет	0	10	0 %	5,7
стекло боковое газель цена	0	10	0 %	6,1
купить боковые стекла на мерседес спринтер	0	10	0 %	9,1
запчасти для микроавтобусов	0	10	0 %	11,6
ремень безопасности водителя паз	0	10	0 %	13,0
сиденье паз пассажирское	0	10	0 %	17,1
раскладной стол в машину	0	10	0 %	17,5
крышка багажника форд транзит	0	10	0 %	18,0
доработка микроавтобусов	0	10	0 %	20,8
кресла микроавтобуса купить	0	9	0 %	2,3
обшивка салона мерседес спринтер	0	9	0 %	5,4
кресло водительское	0	9	0 %	6,2
салазки в машине это	0	9	0 %	6,3
сиденье и сидение	0	9	0 %	7,1
купить люк на микроавтобус	0	9	0 %	9,6
электропривод дверей автобуса	0	9	0 %	18,4
отопитель салона автобуса	0	9	0 %	23,6
чехлы на автобус паз	0	9	0 %	35,7
рама паз	0	9	0 %	36,3
лизинг микроавтобусов	0	9	0 %	51,6
ночные шторки на газель	0	8	0 %	1,5
вытяжка в микроавтобус	0	8	0 %	1,9
обшивка микроавтобусов	0	8	0 %	2,8
injhrb	0	8	0 %	4,4
сиденья или сидения	0	8	0 %	4,9
поворотные сиденья соболь	0	8	0 %	6,9
багажник газель	0	8	0 %	7,2
салазок	0	8	0 %	8,2
аренда микроавтобусов	0	8	0 %	14,8
поручни в автобусе как называются	0	8	0 %	15,5
купить стекло на фиат	0	8	0 %	17,6
лобовое стекло пежо боксер 3 купить	0	8	0 %	26,6
авторазборка микроавтобусов в нижнем новгороде	0	8	0 %	42,0
bus stop	0	8	0 %	44,9
автобус вес	0	8	0 %	69,2
стекло задней двери газель некст	0	7	0 %	1,0
устройство подлокотника газель некст	0	7	0 %	4,6
наклейки в салон автобуса	0	7	0 %	5,7
стекло для люка	0	7	0 %	7,0
шумоизоляция 8мм	0	7	0 %	7,3
шторки на окна газель	0	7	0 %	8,1
ламбрекены форд транзит	0	7	0 %	9,4
купить сиденье водительское	0	7	0 %	9,9
стекло переднее ford transit	0	7	0 %	13,4
стекло заднее газель	0	7	0 %	14,0
купить стекло форд транзит	0	7	0 %	16,6
лампочка бабочка	0	7	0 %	21,0
электропривод сдвижной двери мерседес спринтер	0	7	0 %	21,0
подлокотник газель	0	7	0 %	22,1
фвуа-15	0	7	0 %	48,6
боковые подножки	0	6	0 %	1,5
стоп	0	6	0 %	1,7
форд транзит джамбо	0	6	0 %	2,8
боковые стекла на спринтер	0	6	0 %	3,2
седение	0	6	0 %	3,2
заднее стекло на мерседес спринтер	0	6	0 %	5,0
задний багажник	0	6	0 %	5,0
купить навесной багажник	0	6	0 %	5,3
навесной багажник	0	6	0 %	5,7
ремни безопасности	0	6	0 %	5,8
стекла газель	0	6	0 %	6,8
авто диваны для микроавтобусов	0	6	0 %	9,0
полки в бус	0	6	0 %	12,8
дверь автомат на микроавтобус	0	6	0 %	15,2
линолеум транспортный	0	6	0 %	16,5
водительское сиденье газель некст купить	0	6	0 %	23,3
стекло лобовое газель некст автобус	0	6	0 %	30,7
остановки автобуса купить	0	6	0 %	34,2
лобовое стекло фиат дукато	0	6	0 %	40,8
bas com	0	6	0 %	60,3
busicom	0	6	0 %	78,0
наклейки в маршрутку	0	5	0 %	1,0
подножка mercedes-benz sprinter	0	5	0 %	1,4
сиденье трицикла	0	5	0 %	1,8
купить поворотное сиденье	0	5	0 %	2,0
заглушки на салазки сидений	0	5	0 %	3,8
информационные наклейки в автобус	0	5	0 %	4,4
люк автобусный	0	5	0 %	4,4
автобусные сиденья продажа	0	5	0 %	4,6
сиденье антивандальное пластик	0	5	0 %	6,2
купить боковое стекло на форд транзит	0	5	0 %	7,2
сидение в автобусе	0	5	0 %	7,6
шторка на лобовое стекло газель некст	0	5	0 %	8,6
салазки автомобильные	0	5	0 %	10,0
уплотнитель спринтер	0	5	0 %	13,2
направляющие для автомобильных шторок	0	5	0 %	18,0
купить стекло на форд транзит	0	5	0 %	19,4
салазки линейного перемещения	0	5	0 %	21,2
фильтро вентиляционная установка	0	5	0 %	26,8
стекло сдвижной двери газель	0	5	0 %	28,2
стол с микролифтом	0	5	0 %	33,2
стекло фары фольксваген крафтер	0	5	0 %	33,6
стекло лобовое фиат дукато	0	5	0 %	35,0
автобусное кресло	0	4	0 %	1,0
полки для буса	0	4	0 %	1,0
газель некст размер лобового стекла	0	4	0 %	2,2
освещение салона микроавтобуса	0	4	0 %	3,8
колпаки на спринтер	0	4	0 %	4,0
купить сиденья для автобуса бу	0	4	0 %	4,2
stop	0	4	0 %	5,2
крепление сидений	0	4	0 %	5,8
buscom pro	0	4	0 %	7,5
шумоизоляция 10мм	0	4	0 %	7,5
багажник на мерседес	0	4	0 %	8,5
сиденье или сидение	0	4	0 %	8,5
спринтер короткая база	0	4	0 %	9,8
салазки для сидений купить цена	0	4	0 %	10,0
подножка на газель	0	4	0 %	10,8
оса	0	4	0 %	11,2
наклейки информационные	0	4	0 %	11,8
купить багажник на мерседес	0	4	0 %	12,2
линолеум автобусный	0	4	0 %	12,8
направляющие для автомобильных штор	0	4	0 %	13,2
купить водительское сиденье	0	4	0 %	14,5
купить багажник на газель	0	4	0 %	17,2
стекло форд транзит цена	0	4	0 %	19,0
транспортный линолеум	0	4	0 %	20,5
лампа салона	0	4	0 %	22,8
стекло задней двери форд транзит	0	4	0 %	25,2
стекло для люка авто	0	4	0 %	25,8
сиденье газ 53	0	4	0 %	31,2
крышка подножки газель некст	0	4	0 %	38,0
установка сидений в микроавтобус	0	4	0 %	42,0
что такое фву	0	4	0 %	44,0
фву это	0	4	0 %	50,8
стекло на форд транзит с установкой	0	4	0 %	52,5
замок форточки газель	0	3	0 %	1,0
информационный стикер	0	3	0 %	1,0
мерседес с багажником	0	3	0 %	1,0
стекла для микроавтобусов ивеко дейли	0	3	0 %	1,0
размер лобового газель некст	0	3	0 %	2,0
подголовники для кресла автобуса купить	0	3	0 %	2,3
сиденья для	0	3	0 %	2,7
салазки	0	3	0 %	3,0
трёхточечный ремень безопасности	0	3	0 %	3,0
боковое стекло на автобус	0	3	0 %	3,7
салон паз	0	3	0 %	4,3
купить туристические сиденья	0	3	0 %	4,7
турецкие сидения для микроавтобусов	0	3	0 %	5,0
салон буса	0	3	0 %	6,0
шторы на газель бизнес	0	3	0 %	6,7
ford transit багажник	0	3	0 %	7,0
люк автобуса	0	3	0 %	7,7
минивэн багажник	0	3	0 %	7,7
шторки на ванну раздвижные	0	3	0 %	8,0
ремень безопасности трехточечный	0	3	0 %	11,0
купить колпаки на мерседес спринтер	0	3	0 %	13,7
сиденье поворотное для автомобиля купить	0	3	0 %	14,0
раскладной столик в машину	0	3	0 %	14,3
клей для тканей	0	3	0 %	15,7
люк для буса	0	3	0 %	16,3
переднее сиденье	0	3	0 %	16,3
стекла фиат	0	3	0 %	16,3
уплотнитель лобового стекла форд транзит	0	3	0 %	17,0
сидения в автобус	0	3	0 %	18,3
багажник мерседес	0	3	0 %	19,3
форточка форд транзит	0	3	0 %	19,7
производство сидений для автобусов	0	3	0 %	20,7
спринтер габариты	0	3	0 %	21,0
водительское сиденье газель нн	0	3	0 %	22,0
сетка для автовокзала	0	3	0 %	23,3
обшивка фургонов пластиком мерседес спринтер	0	3	0 %	24,3
шины для микроавтобусов	0	3	0 %	28,7
купить водительское сиденье на газель некст	0	3	0 %	29,0
обшивка фургонов пластиком джампер	0	3	0 %	29,0
фильтры фву	0	3	0 %	31,3
сиденье на газель некст	0	3	0 %	34,0
высота сиденья газель	0	3	0 %	34,7
4059968	0	3	0 %	40,3
bus products	0	3	0 %	41,0
ford 580	0	3	0 %	42,3
лобовое стекло форд транзит с вин окном	0	3	0 %	48,7
фву что это	0	3	0 %	48,7
бас 125	0	3	0 %	54,3
лобовое стекло ford transit с датчиком дождя	0	3	0 %	54,3
переоборудование микроавтобусов цена	0	3	0 %	56,3
3563agsvw	0	3	0 %	58,3
лобовое стекло форд транзит 5500 руб	0	3	0 %	58,3
лобовое стекло ford transit грузовой	0	3	0 %	61,3
лобовое стекло транзит цена	0	3	0 %	61,7
какие таблички должны быть в автобусе	0	3	0 %	65,3
стекла для автобусов	0	3	0 %	69,0
газель	0	2	0 %	1,0
защелка форточки газель некст	0	2	0 %	1,0
навесной багажник на микроавтобус	0	2	0 %	1,0
соболь нн	0	2	0 %	1,5
mercedes benz crafter	0	2	0 %	2,0
volkswagen sprinter	0	2	0 %	2,0
кресло водителя	0	2	0 %	2,0
сиденье стадионное	0	2	0 %	2,0
ford transit salon	0	2	0 %	2,5
+	0	2	0 %	3,5
bascom	0	2	0 %	3,5
для сиденья	0	2	0 %	3,5
салазка	0	2	0 %	4,0
сиденья водительское	0	2	0 %	4,0
для автобусов	0	2	0 %	4,5
заглушка салазок сиденья	0	2	0 %	5,5
печка на автобус	0	2	0 %	5,5
колпаки спринтер	0	2	0 %	6,0
купить тросик бокового стекла на фольксваген крафтер	0	2	0 %	6,0
подножки на газель	0	2	0 %	6,0
салазки для сидений универсальные	0	2	0 %	6,0
cbltymt	0	2	0 %	6,5
кресло водительское купить	0	2	0 %	6,5
линолеум в автобус	0	2	0 %	6,5
shuttle bus seats for sale	0	2	0 %	7,0
купить боковое стекло	0	2	0 %	7,5
изготовление поручней для автобусов	0	2	0 %	8,0
обшивка салона буса	0	2	0 %	8,0
двухточечные ремни безопасности	0	2	0 %	9,0
приспособление для сидения	0	2	0 %	10,0
ford jumbo	0	2	0 %	11,0
аренда микроавтобусов в москве	0	2	0 %	11,0
наклейки на автобус	0	2	0 %	11,0
ремень безопасности двухточечный инерционный	0	2	0 %	11,0
ремни безопасности в автобусе	0	2	0 %	11,0
направляющие для автошторок	0	2	0 %	11,5
инерционные ремни безопасности	0	2	0 %	13,0
каркасные шторки газель некст	0	2	0 %	13,5
цена	0	2	0 %	13,5
откидное сиденье в автобусе	0	2	0 %	14,0
поясной ремень безопасности	0	2	0 %	14,5
сиденья трансформеры для микроавтобусов	0	2	0 %	14,5
что будет если нажать кнопку стоп в автобусе	0	2	0 %	14,5
поворотный механизм сидений своими руками	0	2	0 %	15,5
сколько стоит стекло на форд транзит	0	2	0 %	15,5
изолон 8мм	0	2	0 %	18,5
отопитель в микроавтобус	0	2	0 %	18,5
шумоизоляция салона автобуса паз	0	2	0 %	19,0
покажи фото	0	2	0 %	21,0
серые заглушки под саморезы	0	2	0 %	21,5
кнопка стоп купить	0	2	0 %	22,0
купить подлокотник на газель	0	2	0 %	22,5
стекло фары ситроен джампер	0	2	0 %	23,0
подлокотник на газель	0	2	0 %	23,5
ремень безопасности для инвалидной коляски	0	2	0 %	24,0
подтяжки двухточечные	0	2	0 %	26,5
тюнинг салона форд транзит фото	0	2	0 %	26,5
купить лобовое стекло фольксваген крафтер	0	2	0 %	27,0
подножка кабины газель	0	2	0 %	28,0
лампа плафона освещения салона	0	2	0 %	29,5
стекло фары пежо боксер 3	0	2	0 %	33,5
тойота спринтер багажник	0	2	0 %	35,0
купить лобовое стекло фиат дукато	0	2	0 %	35,5
ресивер паз	0	2	0 %	37,5
стекло фары ивеко дейли	0	2	0 %	37,5
шестерня подножки газель некст	0	2	0 %	37,5
буском	0	2	0 %	39,0
багажник фиат дукато	0	2	0 %	42,5
баком	0	2	0 %	42,5
фву купить	0	2	0 %	44,5
купить фильтровентиляционную установку	0	2	0 %	53,5
диван автомобиль	0	2	0 %	62,5
соболь с сединой	0	2	0 %	63,5
сколько весит автобус	0	2	0 %	69,5
комба	0	2	0 %	71,0
2008	0	1	0 %	1,0
2018	0	1	0 %	1,0
2023	0	1	0 %	1,0
boxer l2	0	1	0 %	1,0
buscom	0	1	0 %	1,0
citroen jumper l3	0	1	0 %	1,0
fiat l4	0	1	0 %	1,0
mercedes sprinter bagaj	0	1	0 %	1,0
peugeot boxer h4	0	1	0 %	1,0
peugeot boxer l4	0	1	0 %	1,0
yb;tujhjltw	0	1	0 %	1,0
а 313	0	1	0 %	1,0
а какие лучше?	0	1	0 %	1,0
а можно с фото?	0	1	0 %	1,0
а фотографии	0	1	0 %	1,0
а цена	0	1	0 %	1,0
автобус	0	1	0 %	1,0
аналог	0	1	0 %	1,0
багажник для микроавтобуса	0	1	0 %	1,0
багажник форд	0	1	0 %	1,0
высота сиденья	0	1	0 %	1,0
газель next	0	1	0 %	1,0
газель некст сзади	0	1	0 %	1,0
готовые фото	0	1	0 %	1,0
да магазин	0	1	0 %	1,0
давай с фото	0	1	0 %	1,0
ещё где можно купить	0	1	0 %	1,0
заклепки для саморезов	0	1	0 %	1,0
картинка покажи	0	1	0 %	1,0
классик	0	1	0 %	1,0
кнопка stop	0	1	0 %	1,0
купить в германии	0	1	0 %	1,0
купить столик	0	1	0 %	1,0
купить эту деталь	0	1	0 %	1,0
мерседес спринтер 515	0	1	0 %	1,0
на авито	0	1	0 %	1,0
на кузове	0	1	0 %	1,0
найди мне объявления	0	1	0 %	1,0
номер	0	1	0 %	1,0
пассажирский автобус	0	1	0 %	1,0
пежо боксер 3	0	1	0 %	1,0
плафон для светодиодной лампы	0	1	0 %	1,0
подножка спринтер 906	0	1	0 %	1,0
покажи примеры с фото	0	1	0 %	1,0
покажіть картинки	0	1	0 %	1,0
показать	0	1	0 %	1,0
показать фото	0	1	0 %	1,0
размеры микроавтобуса мерседес спринтер	0	1	0 %	1,0
резиновые рельсы	0	1	0 %	1,0
ривьера	0	1	0 %	1,0
салонная	0	1	0 %	1,0
сдвижная	0	1	0 %	1,0
сдвоенные	0	1	0 %	1,0
седения	0	1	0 %	1,0
седенья	0	1	0 %	1,0
сиденья туристические	0	1	0 %	1,0
складной столик в машину	0	1	0 %	1,0
стоп.	0	1	0 %	1,0
стоповые кнопки	0	1	0 %	1,0
форд с люком	0	1	0 %	1,0
фото найди	0	1	0 %	1,0
цены	0	1	0 %	1,0
цмф	0	1	0 %	1,0
шторки на газель своими руками размеры	0	1	0 %	1,0
шторки на спринтер	0	1	0 %	1,0
шторы	0	1	0 %	1,0
18 мест	0	1	0 %	2,0
crafter mercedes	0	1	0 %	2,0
все бренды	0	1	0 %	2,0
где купить такой ремень	0	1	0 %	2,0
где фото	0	1	0 %	2,0
грузовой фургон	0	1	0 %	2,0
да подбери	0	1	0 %	2,0
для чего это	0	1	0 %	2,0
занавески на газель	0	1	0 %	2,0
информационные наклейки на двери	0	1	0 %	2,0
как	0	1	0 %	2,0
какой артикул?	0	1	0 %	2,0
какой объем багажника	0	1	0 %	2,0
кнопка стоп	0	1	0 %	2,0
кто производит	0	1	0 %	2,0
купить по низкой цене	0	1	0 %	2,0
люкс	0	1	0 %	2,0
мерседес спринтер	0	1	0 %	2,0
механизм наклона спинки сиденья	0	1	0 %	2,0
новый под заказ	0	1	0 %	2,0
пластиковые панели	0	1	0 %	2,0
покажи фото багажника	0	1	0 %	2,0
покупка в беларуси	0	1	0 %	2,0
сиденье grammer тендер site:bicotender.ru	0	1	0 %	2,0
сиденье в ванну	0	1	0 %	2,0
сиденье для ванной	0	1	0 %	2,0
сиденье для душа откидное настенное для инвалидов	0	1	0 %	2,0
сиденье для пианино	0	1	0 %	2,0
сиденья для трибуны пластиковые цена	0	1	0 %	2,0
сколько примерная стоимость	0	1	0 %	2,0
сколько я заплачу	0	1	0 %	2,0
среднее	0	1	0 %	2,0
средняя	0	1	0 %	2,0
стеклянный	0	1	0 %	2,0
турецкий	0	1	0 %	2,0
цена на них?	0	1	0 %	2,0
что за кнопка	0	1	0 %	2,0
шторки для ванной стеклянные раздвижные	0	1	0 %	2,0
артикул дай	0	1	0 %	3,0
боковые стекла на микроавтобусы	0	1	0 %	3,0
для автомобиля	0	1	0 %	3,0
как работает кнопка стоп в автобусе	0	1	0 %	3,0
какой аналог	0	1	0 %	3,0
картинка	0	1	0 %	3,0
купить поручни для автобуса	0	1	0 %	3,0
купить сиденья в автобус	0	1	0 %	3,0
мне нужны фотки	0	1	0 %	3,0
подголовник в автобус	0	1	0 %	3,0
примеры	0	1	0 %	3,0
размер стекла	0	1	0 %	3,0
скинь ссылку	0	1	0 %	3,0
սպրինտեր	0	1	0 %	3,0
диодный плафон освещения	0	1	0 %	4,0
металическая	0	1	0 %	4,0
нужен вот такой	0	1	0 %	4,0
переоборудование микроавтобуса в грузопассажирский	0	1	0 %	4,0
подношка	0	1	0 %	4,0
сиденье для ванны деревянное	0	1	0 %	4,0
сиденье для кормления	0	1	0 %	4,0
сиденья для городской маршрутки	0	1	0 %	4,0
сколько она стоит	0	1	0 %	4,0
стекла задние газель некст купить	0	1	0 %	4,0
фото!	0	1	0 %	4,0
что с машиной	0	1	0 %	4,0
шторки плиссе на пластиковые окна	0	1	0 %	4,0
шторки у парней	0	1	0 %	4,0
գինը	0	1	0 %	4,0
stop.	0	1	0 %	5,0
ароматизатор	0	1	0 %	5,0
запчасти для электропривода сдвижной двери	0	1	0 %	5,0
купить новый	0	1	0 %	5,0
пежо боксер	0	1	0 %	5,0
сиденье для ванной для инвалидов	0	1	0 %	5,0
шторки для ванной под заказ в минске	0	1	0 %	5,0
шторки на автомобильные стекла	0	1	0 %	5,0
vip сиденья для микроавтобусов	0	1	0 %	6,0
код тн вэд	0	1	0 %	6,0
механизм сдвижной двери форд транзит	0	1	0 %	6,0
цена?	0	1	0 %	6,0
comfort block	0	1	0 %	7,0
автостекла форд транзит	0	1	0 %	7,0
где его можно купить	0	1	0 %	7,0
где можно найти	0	1	0 %	7,0
люк в бус	0	1	0 %	7,0
надо новые	0	1	0 %	7,0
покажи их фото	0	1	0 %	7,0
сдвижное окно	0	1	0 %	7,0
bas union	0	1	0 %	8,0
bus komi	0	1	0 %	8,0
stop knopf bus	0	1	0 %	8,0
stop stop	0	1	0 %	8,0
информационные наклейки купить	0	1	0 %	8,0
линолеум покрытие	0	1	0 %	8,0
сиденье для ванны для инвалидов и пожилых	0	1	0 %	8,0
сиденьи	0	1	0 %	8,0
купить мерседес в нижнем новгороде	0	1	0 %	9,0
паз салон	0	1	0 %	9,0
салазки для автомобильных сидений	0	1	0 %	9,0
сиденье автомобильное	0	1	0 %	9,0
форд транзит багажник	0	1	0 %	9,0
шторки для ванной стеклянные	0	1	0 %	9,0
ford transit rear door tire carrier	0	1	0 %	10,0
in russia	0	1	0 %	10,0
mercedes crafter	0	1	0 %	10,0
sprinter rear door storage	0	1	0 %	10,0
купить от производителя	0	1	0 %	10,0
купить сиденья для буса	0	1	0 %	10,0
прокат микроавтобусов москва	0	1	0 %	10,0
сидение или сиденье	0	1	0 %	10,0
сиденье для бассейна	0	1	0 %	10,0
сиденье для электротрицикла	0	1	0 %	10,0
фольксваген спринтер	0	1	0 %	10,0
авто диван трансформер	0	1	0 %	11,0
алюминиевые направляющие рельсы салазки для установки сидений	0	1	0 %	11,0
вот такой	0	1	0 %	11,0
кресла в автобусе	0	1	0 %	11,0
мерседес крафтер	0	1	0 %	11,0
подлокотник	0	1	0 %	11,0
салазка сиденья	0	1	0 %	11,0
форд транзит пассажирский салон	0	1	0 %	11,0
шторки для ванной комнаты	0	1	0 %	11,0
шторки для ванны стеклянные раздвижные	0	1	0 %	11,0
шторки солнцезащитные автомобильные	0	1	0 %	11,0
это что?	0	1	0 %	11,0
сколько стоит стекло	0	1	0 %	12,0
фотки покажи	0	1	0 %	12,0
найти замену	0	1	0 %	13,0
вот такая	0	1	0 %	14,0
для чего нужно это?	0	1	0 %	14,0
перевозка дверей в газели	0	1	0 %	14,0
шторки спринтер 906	0	1	0 %	14,0
лампа в плафон	0	1	0 %	15,0
салон трансформер микроавтобуса купить	0	1	0 %	15,0
форд транзит сзади	0	1	0 %	15,0
где такое купить?	0	1	0 %	16,0
направляющие для сидений микроавтобуса	0	1	0 %	16,0
поворотная форточка на газель	0	1	0 %	16,0
поворотный механизм сиденья для автомобиля	0	1	0 %	16,0
багажник на бус	0	1	0 %	17,0
водителя	0	1	0 %	17,0
лобовое стекло на мерседес спринтер	0	1	0 %	17,0
блузки с басками	0	1	0 %	18,0
быстросъемные крепления сидений	0	1	0 %	18,0
обшивка кузова пежо боксер	0	1	0 %	18,0
peugeot boxer fiat ducato citroen jumper	0	1	0 %	19,0
лобовое стекло фиат дукато 250	0	1	0 %	19,0
печка в салон автобуса	0	1	0 %	19,0
поручень в машине	0	1	0 %	19,0
шарнир поворотный механизм с фиксацией	0	1	0 %	19,0
сдвижная автоматическая дверь на микроавтобусы	0	1	0 %	20,0
столик на спинку дивана	0	1	0 %	20,0
аренда микроавтобусов в спб	0	1	0 %	21,0
купить в турции	0	1	0 %	21,0
лампочка освещения салона	0	1	0 %	21,0
направляющие штор для грузовых автомобилей	0	1	0 %	21,0
на лодку	0	1	0 %	22,0
сиденье газель некст купить	0	1	0 %	22,0
ступенька на газель	0	1	0 %	22,0
аренда микроавтобусов на свадьбу	0	1	0 %	23,0
прокат микроавтобусов в москве	0	1	0 %	23,0
раскладное сиденье на газель некст	0	1	0 %	23,0
купить люк на бус	0	1	0 %	24,0
премиум экокожа	0	1	0 %	24,0
форд транзит лобовое стекло	0	1	0 %	24,0
купить лобовое стекло на мерседес спринтер	0	1	0 %	25,0
паз на детали	0	1	0 %	25,0
сиденье трансформер для микроавтобуса	0	1	0 %	25,0
что это?	0	1	0 %	25,0
4059964	0	1	0 %	26,0
аренда микроавтобусов казань	0	1	0 %	26,0
лампа подсветки салона	0	1	0 %	26,0
лампочка салона	0	1	0 %	26,0
салон трансформер ривьера	0	1	0 %	26,0
стекло на фиат	0	1	0 %	26,0
столик на спинку сиденья в автомобиль	0	1	0 %	26,0
универсальный подлокотник	0	1	0 %	26,0
оконные шторки безопасности	0	1	0 %	27,0
сиденье водительское газель	0	1	0 %	28,0
صورة	0	1	0 %	28,0
лобовое стекло на фиат дукато цена	0	1	0 %	29,0
лобовое стекло форд транзит	0	1	0 %	29,0
люк на бус	0	1	0 %	29,0
переоборудование микроавтобусов в москве	0	1	0 %	29,0
производство пассажирских сидений	0	1	0 %	29,0
обшивка фургона ситроен джампи	0	1	0 %	30,0
переоборудование микроавтобусов в россии	0	1	0 %	30,0
плафон освещения кабины	0	1	0 %	30,0
купить водительское	0	1	0 %	31,0
3 точечный ремень безопасности	0	1	0 %	32,0
багажник на крышу спринтер	0	1	0 %	32,0
тюнинг салона форд транзит	0	1	0 %	32,0
lamp transport	0	1	0 %	33,0
багажник за бус форд транзит	0	1	0 %	33,0
газель вид сзади	0	1	0 %	33,0
дополнительные отопители салона автобуса	0	1	0 %	33,0
bagcom	0	1	0 %	34,0
кузов автобуса купить	0	1	0 %	34,0
тюнинг салона микроавтобуса	0	1	0 %	34,0
transfer light	0	1	0 %	36,0
цены на оборудование для погрузки колясок	0	1	0 %	36,0
баском юа	0	1	0 %	37,0
лючка	0	1	0 %	37,0
citroen jumper peugeot boxer fiat ducato	0	1	0 %	38,0
лобовое стекло peugeot boxer	0	1	0 %	39,0
сидение	0	1	0 %	39,0
экокожа премиум	0	1	0 %	39,0
диван паровозик	0	1	0 %	40,0
стекло фары фиат дукато 250	0	1	0 %	40,0
bus 24 seat	0	1	0 %	41,0
бус ком уа	0	1	0 %	41,0
bacoma	0	1	0 %	42,0
stop bus	0	1	0 %	42,0
купить коврики ситроен джампи	0	1	0 %	43,0
полка для чемоданов в транспорте	0	1	0 %	45,0
bus button	0	1	0 %	46,0
обшивка фургона фиат дукато	0	1	0 %	46,0
7235c5	0	1	0 %	47,0
заказ микроавтобуса	0	1	0 %	49,0
резина на автобус паз	0	1	0 %	50,0
эвакуатор для автобуса паз	0	1	0 %	50,0
1766584	0	1	0 %	52,0
шторные фургоны	0	1	0 %	54,0
ford transit rear door rack	0	1	0 %	56,0
бском	0	1	0 %	57,0
купить лобовое стекло форд транзит	0	1	0 %	57,0
стекло лобовое форд транзит	0	1	0 %	59,0
диван в виде автомобиля	0	1	0 %	60,0
мобильная фильтровентиляционная установка	0	1	0 %	60,0
передвижная фильтровентиляционная установка	0	1	0 %	60,0
bus strap	0	1	0 %	62,0
kom bus	0	1	0 %	62,0
ребус диван	0	1	0 %	68,0
bus size	0	1	0 %	69,0
комбус	0	1	0 %	69,0
диван из микрофибры премиум	0	1	0 %	77,0
фото для сравнения	0	1	0 %	77,0
размер автобуса	0	1	0 %	78,0
какие автобусы должны быть оборудованы ремнями безопасности	0	1	0 %	79,0
допустимые размеры ручной клади в автобусе	0	1	0 %	83,0
технические характеристики автобусов	0	1	0 %	85,0
трехэтажный автобус	0	1	0 %	88,0