Популярные страницы	Kлики	Показы	CTR	Позиция
https://bus-com.ru/sidenja-dlya-microavtobusov	193	3 490	5,5 %	5,6
https://bus-com.ru/stekla-na-gazel-next-cmf-dlinnaya-baza	75	3 632	2,1 %	4,9
https://bus-com.ru/shtorki-na-gazel-next-cmf	66	2 128	3,1 %	4,2
https://bus-com.ru/povorotnyj-mekhanizm-sideniya-usilennyj	53	1 416	3,7 %	5,1
https://bus-com.ru/obshivka-salona-ford-transit	53	994	5,3 %	6,0
https://bus-com.ru/relsy-kreplenija	52	1 347	3,9 %	4,8
https://bus-com.ru/bagazhnik-navesnoi-sprinter-classic	46	1 743	2,6 %	3,1
https://bus-com.ru/sidenje-sobol-komfort	43	2 801	1,5 %	6,0
https://bus-com.ru/zamok-fortochki-mikroavtobusa-1	43	614	7 %	3,5
https://bus-com.ru/stekla-na-mercedes-sprinter-classic-411-dlinnaya-baza	41	1 506	2,7 %	5,1
https://bus-com.ru/podnozhka-bokovaya	40	401	10 %	4,2
https://bus-com.ru/	39	608	6,4 %	11,0
https://bus-com.ru/komplekt-lljuka-maliy-radius	38	500	7,6 %	6,9
https://bus-com.ru/poruchni	36	722	5 %	6,9
https://bus-com.ru/divan-analog-rivera	36	597	6 %	6,0
https://bus-com.ru/universalnye-salazki-dlya-reguliruemogo-peremeshcheniya-sidenij	35	1 362	2,6 %	5,8
https://bus-com.ru/obshivka-salona-citroen-jumper-peugeot-boxer-fiat-ducato	35	370	9,5 %	10,5
https://bus-com.ru/bokovaya-podnozhka-gazel-next-gazel-nn-1	34	834	4,1 %	3,2
https://bus-com.ru/storki-dlya-mikroavtobusov	34	697	4,9 %	5,0
https://bus-com.ru/shtorki-na-mercedes-sprinter	33	794	4,2 %	3,9
https://bus-com.ru/shtorki-dlya-mikroavtobusa	30	4 789	0,6 %	4,6
https://bus-com.ru/navesnoi-bagazhnik-gazel-next	29	1 504	1,9 %	5,7
https://bus-com.ru/sidene-voditelya-next-na-pruzhine	29	988	2,9 %	9,5
https://bus-com.ru/stolik-otkidnoi-dlya-mikroavtobusa	28	508	5,5 %	3,2
https://bus-com.ru/zamok-fortochki-mikroavtobusa	25	681	3,7 %	2,5
https://bus-com.ru/sidenje-barguzin	24	820	2,9 %	4,9
https://bus-com.ru/stekla-na-iveco-daily	24	677	3,5 %	5,0
https://bus-com.ru/ljuki	24	411	5,8 %	9,1
https://bus-com.ru/stekla-na-ford-transit-2014	23	836	2,8 %	6,0
https://bus-com.ru/bagazhniki-dlya-mikroavtobusa	23	514	4,5 %	6,3
https://bus-com.ru/zaglushka-rezinovaya-v-relsy-salazki-sidenij	22	355	6,2 %	4,6
https://bus-com.ru/shtorki-na-iveco-daily	22	313	7 %	3,8
https://bus-com.ru/shtorki-na-peugeot-boxer	22	146	15,1 %	5,1
https://bus-com.ru/podlokotnik-reguliruemiy-2	21	842	2,5 %	8,2
https://bus-com.ru/steklo-590h880mm-dlya-lyuka-530h820mm	21	375	5,6 %	4,5
https://bus-com.ru/sidenje-inturist-lux	19	2 592	0,7 %	3,9
https://bus-com.ru/stekla-na-ford-transit-jumbo	19	1 416	1,3 %	7,0
https://bus-com.ru/skladnoj-mechanism-sidenja	19	440	4,3 %	5,1
https://bus-com.ru/stekla-na-gazel-next-metal-srednyaa-baza	18	1 250	1,4 %	4,5
https://bus-com.ru/electroprivod-sdvizhnoi-dveri-moko-turcia	17	507	3,4 %	5,1
https://bus-com.ru/remni-bezopasanosti	17	502	3,4 %	9,8
https://bus-com.ru/bokovaya-podnozhka-gazel-next-gazel-nn	17	403	4,2 %	6,2
https://bus-com.ru/bokovaya-podnozhka-volkswagen-crafter-mercedes-benz-sprinter-1	17	250	6,8 %	2,9
https://bus-com.ru/osveshenie	17	241	7,1 %	6,7
https://bus-com.ru/stekla-na-gazel-next-cmf-korotkaya-baza	16	875	1,8 %	4,7
https://bus-com.ru/stekla-na-volkswagen-crafter-dlinnaja-baza	16	490	3,3 %	5,6
https://bus-com.ru/shtorki-na-ford-transit-do-2014	16	339	4,7 %	5,9
https://bus-com.ru/opora-svizhnaya	16	262	6,1 %	4,5
https://bus-com.ru/bagazhnik-rykzak-mercedes-sprinter-907	15	711	2,1 %	3,3
https://bus-com.ru/komplektuyshie-dlya-sidenij	15	282	5,3 %	7,2
https://bus-com.ru/opory-sidenij-dlya-mikroavtobusov	15	143	10,5 %	6,0
https://bus-com.ru/divan-raskladnoj-na-gazel-gazon	14	857	1,6 %	4,1
https://bus-com.ru/index.php?route=product/product&product_id=470	14	528	2,7 %	6,4
https://bus-com.ru/bokovaya-podnozhka-volkswagen-crafter-mercedes-benz-sprinter	14	353	4 %	4,0
https://bus-com.ru/podium-dlya-katafalka-vydvizhnoy	14	197	7,1 %	2,9
https://bus-com.ru/obivka-salona	14	183	7,7 %	7,0
https://bus-com.ru/shtorki-mercedes-sprinter-classic	14	170	8,2 %	4,9
https://bus-com.ru/knopka-vyzova-voditelya	13	1 390	0,9 %	5,9
https://bus-com.ru/stolik-s-elektroprivodom-dlya-mikroavtobusa	13	534	2,4 %	4,8
https://bus-com.ru/kontakty	13	419	3,1 %	6,5
https://bus-com.ru/shtorki-na-fiat-ducato	13	220	5,9 %	5,9
https://bus-com.ru/podlokotnik-turisticheskij-1	13	171	7,6 %	8,3
https://bus-com.ru/bokovaya-podnozhka-ford-transit-2006-2014gg	13	134	9,7 %	5,1
https://bus-com.ru/paz	12	1 076	1,1 %	15,3
https://bus-com.ru/opora-kreplenie-passazhirskogo-sidenya-gazel-fermer-sdvizhnaya	12	549	2,2 %	4,3
https://bus-com.ru/stekla-na-citroen-jumper-l4	12	258	4,7 %	9,2
https://bus-com.ru/ventilyacia-mikroavtobusov	12	119	10,1 %	5,1
https://bus-com.ru/bagazhnik-navesnoi-sprinter-515-volkswagen-crafter	11	722	1,5 %	2,9
https://bus-com.ru/stekla-na-fiat-ducato-l4	11	588	1,9 %	7,6
https://bus-com.ru/stekla-na-peugeot-boxer-l3	11	426	2,6 %	7,4
https://bus-com.ru/linoleum-antiskolzyashiy-transportniy	11	257	4,3 %	6,8
https://bus-com.ru/divan-s-peregorodkoi-analog-rivera	11	248	4,4 %	7,7
https://bus-com.ru/podnozhki	11	199	5,5 %	6,8
https://bus-com.ru/cangovoe-kreplenie-sidushki	11	179	6,1 %	3,9
https://bus-com.ru/divany-dlya-mikroavtobusov	11	55	20 %	8,7
https://bus-com.ru/kolpaki-hrom	10	302	3,3 %	6,5
https://bus-com.ru/stolik-na-spinku	10	247	4 %	3,6
https://bus-com.ru/polki	9	168	5,4 %	6,7
https://bus-com.ru/uplotnitel-okonniy-uzkiy	9	117	7,7 %	9,0
https://bus-com.ru/uplotnitel-fortochki	9	105	8,6 %	3,7
https://bus-com.ru/podlokotnik-reguliruemiy-turkey-2	9	62	14,5 %	6,8
https://bus-com.ru/poruchen-potolka	8	306	2,6 %	3,3
https://bus-com.ru/shtorki-na-volkswagen-crafter	8	150	5,3 %	5,2
https://bus-com.ru/nakladka-podnozhki	8	69	11,6 %	4,0
https://bus-com.ru/stekla-na-mercedes-sprinter-411-dlinniy-sves	7	267	2,6 %	4,0
https://bus-com.ru/shtorki-na-ford-transit-2014	7	257	2,7 %	4,1
https://bus-com.ru/uplotnitel-okonniy-mercedes-sprinter	7	125	5,6 %	5,4
https://bus-com.ru/polki-dlya-mikroavtobusa-turist-russia	7	88	8 %	3,5
https://bus-com.ru/kreslo-lux-pulman	7	47	14,9 %	3,7
https://bus-com.ru/ruchka-kreplenija	6	212	2,8 %	4,3
https://bus-com.ru/fvu	6	163	3,7 %	18,0
https://bus-com.ru/komplektuyushchie-stekol	6	146	4,1 %	7,3
https://bus-com.ru/vozdushniy-otopitel-planar-osa-9000	6	126	4,8 %	5,2
https://bus-com.ru/podgolovnikj-na-lipuchkah	6	92	6,5 %	5,6
https://bus-com.ru/hrom-paket	6	84	7,1 %	7,2
https://bus-com.ru/stekla-na-ford-transit-swb	6	76	7,9 %	9,8
https://bus-com.ru/stekla-na-peugeot-boxer-l4	5	237	2,1 %	6,4
https://bus-com.ru/kronshtein-poruchnya-3	5	172	2,9 %	16,4
https://bus-com.ru/komplekt-lyuka-53x82	5	133	3,8 %	10,8
https://bus-com.ru/ehlektroprivod-sdvizhnoj-dveri-dvuhmotornyj-fiat-dusato-peugeot-boxer-sitroen-jumrer-turciya	5	93	5,4 %	7,1
https://bus-com.ru/bokovaya-podnozhka-ford-transit-2015g	5	48	10,4 %	4,9
https://bus-com.ru/russia?sort=p.model&order=DESC&page=2&limit=50	5	46	10,9 %	8,9
https://bus-com.ru/informacionnye-naklejki-v-mikroavtobus	4	497	0,8 %	4,5
https://bus-com.ru/stekla-na-mercedes-sprinter-411-korotkaya-baza	4	311	1,3 %	4,3
https://bus-com.ru/elektroprivod-sdvizhnoi-dveri-kroko	4	183	2,2 %	7,6
https://bus-com.ru/moldingi	4	133	3 %	6,8
https://bus-com.ru/shtorki-na-gazel-next-19	4	126	3,2 %	4,0
https://bus-com.ru/nozhki-kreplenija-sidenja	4	111	3,6 %	3,3
https://bus-com.ru/ehlektroprivod-sdvizhnoj-dveri-dvuhmotornyj-mersedes-sprinter-volkswagen-crafter-kuzov-w906-c-2006-po-2018g-v-gazel-next-iveso-daily-mercedes-sprinter-slassic-turciya	4	70	5,7 %	12,1
https://bus-com.ru/stekla-na-mercedes-sprinter-515-dlinnaya-baza	4	63	6,3 %	5,2
https://bus-com.ru/zaglushki-pukli	4	53	7,5 %	5,7
https://bus-com.ru/profil-svetodiodniy-12	4	21	19 %	6,7
https://bus-com.ru/zamok-fortochki-mikroavtobusa-3	3	233	1,3 %	2,7
https://bus-com.ru/nakladka-na-zerkala	3	76	3,9 %	5,5
https://bus-com.ru/napravlyayushchie-shtorok	3	70	4,3 %	9,9
https://bus-com.ru/komfort-bloki	3	66	4,5 %	5,5
https://bus-com.ru/stekla-na-fiat-ducato-l3	3	30	10 %	4,9
https://bus-com.ru/detali-pola	3	12	25 %	11,0
https://bus-com.ru/electroprivod-sdvizhnoi-dveri-dvuhmotorniy-turcia	2	464	0,4 %	9,3
https://bus-com.ru/remen-bezopasnosti-3	2	283	0,7 %	8,6
https://bus-com.ru/stekla-na-mercedes-sprinter-515-korotkaya-baza	2	130	1,5 %	4,2
https://bus-com.ru/setka-na-spinku-sidenja	2	111	1,8 %	4,1
https://bus-com.ru/remen-zadnih-dverei-avtobusa	2	97	2,1 %	3,8
https://bus-com.ru/ugolokj-dlya-podiuma	2	66	3 %	3,7
https://bus-com.ru/shtorki-na-citroen-jumper	2	57	3,5 %	5,8
https://bus-com.ru/polki-dlya-mikroavtobusa-turist-lux	2	52	3,8 %	5,8
https://bus-com.ru/electrooborudovanie-mikroavtobusa	2	52	3,8 %	15,9
https://bus-com.ru/sidenje-gida	2	51	3,9 %	8,3
https://bus-com.ru/remen-bezopasnosti-2	2	47	4,3 %	9,6
https://bus-com.ru/nozhki-parnogo-kreplenija-sidenij	2	45	4,4 %	3,4
https://bus-com.ru/podlokotnik-reguliruemiy	2	40	5 %	8,4
https://bus-com.ru/avarijno-ventilyacionnyj-lyuk-so-steklyannoj-kryshkoj-posadochnyj-razmer-530-820-mm-rossiya	2	36	5,6 %	9,2
https://bus-com.ru/sidene-voditelya-city	2	25	8 %	7,6
https://bus-com.ru/stekla-na-volkswagen-crafter-2017-lwb	2	22	9,1 %	3,2
https://bus-com.ru/turkey?sort=p.model&order=DESC	2	16	12,5 %	6,0
https://bus-com.ru/turkey?sort=p.model&order=ASC&page=1	2	10	20 %	5,6
https://bus-com.ru/vozduhovody	2	8	25 %	4,9
https://bus-com.ru/plafon-svetodiodniy-s-knopkoi	1	217	0,5 %	3,9
https://bus-com.ru/stekla-na-fiat-ducato-l2	1	208	0,5 %	3,5
https://bus-com.ru/stekla-na-ford-transit-mvb	1	169	0,6 %	7,9
https://bus-com.ru/remen-bezopasnosti-2-staticheskiy	1	148	0,7 %	10,3
https://bus-com.ru/sidenje-antivandalnoe	1	137	0,7 %	4,9
https://bus-com.ru/termo-shumoizolyaciya-dlya-mikroavtobusa-izolon-8mm	1	119	0,8 %	8,7
https://bus-com.ru/kronshtein-poruchnya-1	1	105	1 %	11,8
https://bus-com.ru/tumba-povorotnaya-usilennaya	1	90	1,1 %	6,6
https://bus-com.ru/podlokotnik-turisticheskij	1	81	1,2 %	8,4
https://bus-com.ru/katushka-retraktor	1	69	1,4 %	7,0
https://bus-com.ru/zamok-fortochki-stf4	1	62	1,6 %	6,3
http://bus-com.ru/	1	59	1,7 %	6,8
https://bus-com.ru/russia?sort=p.price&order=ASC&limit=100	1	39	2,6 %	9,3
https://bus-com.ru/russia?page=3	1	36	2,8 %	18,2
https://bus-com.ru/opora-gida-lux	1	27	3,7 %	7,4
https://bus-com.ru/podgolovnik-na-lipuchkah-s-vishivkoj	1	25	4 %	4,3
https://bus-com.ru/pereoborudovanie-mikroavtobusov/	1	24	4,2 %	19,8
https://bus-com.ru/sidenja-dlya-microavtobusov/passazhirskoe-sidene-lyuks-kategorii-m1	1	23	4,3 %	9,9
https://bus-com.ru/vozduhovody-dvoinie	1	19	5,3 %	2,2
https://bus-com.ru/naklada-na-zadnie-stopi	1	16	6,2 %	4,2
https://bus-com.ru/dekorativnaya-i-zashchitnaya-nakladka-na-ruchku-sdvizhnoj-dveri-mikroavtobusa	1	15	6,7 %	7,8
https://bus-com.ru/russia?sort=pd.name&order=ASC&limit=75	1	13	7,7 %	19,8
https://bus-com.ru/sidenje-inturist-ekonom	1	12	8,3 %	6,6
https://bus-com.ru/sidenja-i-komplektuyshie	1	10	10 %	18,8
https://bus-com.ru/universalniy-blok-upravleniya	1	9	11,1 %	3,1
https://bus-com.ru/nakladka-na-zadniy-nomer	1	5	20 %	3,2
https://bus-com.ru/tkan-i-shtory	1	4	25 %	4,5
https://bus-com.ru/index.php?route=product/product&product_id=238	1	4	25 %	6,5
https://bus-com.ru/polki?product_id=238	1	3	33,3 %	2,3
https://bus-com.ru/russia/izolyaciya-izolon-500-folgirovannyj-4mm?limit=50	1	1	100 %	3,0
https://bus-com.ru/stekla-na-volkswagen-crafter-2017-swb	1	1	100 %	3,0
https://bus-com.ru/russia?limit=25	1	1	100 %	6,0
https://bus-com.ru/klei-dlya-tkani-v-salon-mikroavtobusa-10l	0	264	0 %	17,7
https://bus-com.ru/plafon-osvesheniya-svetodiodniy	0	148	0 %	3,8
https://bus-com.ru/termo-shumoizolyaciya-dlya-mikroavtobusa-izolon-4mm	0	117	0 %	9,8
https://bus-com.ru/sidenje-avtolie-lux	0	107	0 %	3,6
https://bus-com.ru/otopiteli	0	84	0 %	16,5
https://bus-com.ru/nakladka-na-zerkala-treugolnik	0	73	0 %	4,4
https://bus-com.ru/termo-shumoizolyaciya-dlya-mikroavtobusa-izolon-10mm	0	71	0 %	8,1
https://bus-com.ru/lampa-babochka-transfer	0	52	0 %	20,1
https://bus-com.ru/stekla-na-citroen-jumper-l2	0	36	0 %	7,8
https://bus-com.ru/stekla-na-ford-transit-lwb	0	35	0 %	9,0
https://bus-com.ru/nozhki-trojnogo-kreplenija-sidenij	0	31	0 %	4,0
https://bus-com.ru/sidenje-bortovoe	0	31	0 %	7,4
https://bus-com.ru/kozhuh-arki-mikroavtobusa	0	28	0 %	3,4
https://bus-com.ru/luk-na-mikroavtobus-50-50	0	21	0 %	4,6
https://bus-com.ru/kronshtein-poruchnya-2	0	21	0 %	7,8
https://bus-com.ru/shtorki-na-citroen-jumpy	0	20	0 %	7,2
https://bus-com.ru/m1-seat	0	18	0 %	11,7
https://bus-com.ru/russia	0	18	0 %	70,8
https://bus-com.ru/uplotnitel-okonnyj-na-mercedes-benz-sprinter-classic-gazel-biznes-sobol-barguzin	0	15	0 %	6,4
https://bus-com.ru/shtorki-na-volkswagen-crafter-t5	0	15	0 %	7,5
https://bus-com.ru/opora-sobol	0	12	0 %	3,5
https://bus-com.ru/nakladki-na-zerkala-plastik	0	12	0 %	6,1
https://bus-com.ru/lampa-millenium	0	10	0 %	7,1
https://bus-com.ru/russia?sort=p.sort_order&order=ASC&limit=100	0	10	0 %	16,0
https://bus-com.ru/stekla	0	10	0 %	23,9
https://bus-com.ru/detali-kuzova-mikroavtobusa/komplektuyushchie-stekol/armirovannyj-okonnyj-uplotnitel-dlya-avarijno-ventilyacionnogo-lyuka	0	9	0 %	6,3
https://bus-com.ru/lampa-kapelka	0	9	0 %	10,0
https://bus-com.ru/stekla-na-citroen-jumper-l3	0	8	0 %	2,2
https://bus-com.ru/lira	0	8	0 %	2,4
https://bus-com.ru/russia?sort=p.model&order=DESC&limit=100	0	8	0 %	7,8
https://bus-com.ru/lampa-millenium-transfer	0	8	0 %	12,2
https://bus-com.ru/podlokotnik-nereguliruemiy	0	8	0 %	12,2
https://bus-com.ru/stekla-na-volkwagen-crafter-korotkaya-baza	0	7	0 %	2,6
https://bus-com.ru/komplekt-lyuka-60x75	0	7	0 %	5,9
https://bus-com.ru/russia?sort=p.price&order=DESC&page=1&limit=75	0	7	0 %	7,1
https://bus-com.ru/izolyaciya-izolon-500-folgirovannyj-4mm	0	7	0 %	8,4
https://bus-com.ru/turkey?sort=p.model&order=DESC&limit=50	0	7	0 %	9,0
https://bus-com.ru/komfort-block-aura-eco	0	7	0 %	11,0
https://bus-com.ru/nakladka-na-nomer-s-nadpisju	0	6	0 %	3,8
https://bus-com.ru/bokovaya-podnozhka-volkswagen-crafter-2017	0	6	0 %	4,8
https://bus-com.ru/russia?sort=p.model&order=DESC&limit=75	0	6	0 %	4,8
https://bus-com.ru/tkan-dlya-okleiki-salona-mikroavtobusa	0	6	0 %	5,3
https://bus-com.ru/russia?sort=p.price&order=DESC&limit=50	0	6	0 %	27,3
https://bus-com.ru/russia?limit=100	0	6	0 %	36,0
https://bus-com.ru/pereoborudovanie-mikroavtobus	0	6	0 %	48,0
https://bus-com.ru/nakladka-na-luchok-benzobaka	0	5	0 %	2,2
https://bus-com.ru/nakladki-na-radiator-2	0	5	0 %	6,6
https://bus-com.ru/zerkalo-zadnego-vida-salonnoe	0	5	0 %	9,6
https://bus-com.ru/russia?sort=p.price&order=ASC&page=7	0	5	0 %	10,2
https://bus-com.ru/detali-kuzova-mikroavtobusa	0	5	0 %	12,8
https://bus-com.ru/russia?sort=pd.name&order=DESC&page=2&limit=75	0	5	0 %	15,8
https://bus-com.ru/eko-kozha-premium	0	5	0 %	23,4
https://bus-com.ru/stekla-na-peugeot-boxer-l2	0	4	0 %	3,0
https://bus-com.ru/stekla-na-volkswagen-crafter-korotkaya-baza	0	4	0 %	4,8
https://bus-com.ru/russia?sort=p.price&order=ASC&page=2&limit=50	0	4	0 %	6,5
https://bus-com.ru/russia?sort=p.model&order=ASC&page=10&limit=15	0	4	0 %	6,8
https://bus-com.ru/specoborudovanie	0	4	0 %	7,2
https://bus-com.ru/nakladki-na-radiator-3	0	4	0 %	8,2
https://bus-com.ru/russia?page=3&limit=25	0	4	0 %	12,5
https://bus-com.ru/russia?sort=pd.name&order=ASC&page=2	0	4	0 %	28,8
https://bus-com.ru/oplata-dostavka	0	4	0 %	45,0
https://bus-com.ru/index.php?route=information/sitemap	0	3	0 %	3,3
https://bus-com.ru/index.php?route=product/search	0	3	0 %	5,0
https://bus-com.ru/komplekt-luka-turcia	0	3	0 %	9,0
https://bus-com.ru/eko-kozha-komfort	0	3	0 %	12,7
https://bus-com.ru/russia?sort=p.model&order=ASC&limit=25&page=4	0	3	0 %	18,0
https://bus-com.ru/russia?sort=pd.name&order=DESC&page=8	0	3	0 %	18,7
https://bus-com.ru/detali-salona/osveshenie/profil-svetodiodniy-10	0	2	0 %	1,5
https://bus-com.ru/kronshtein-poruchnya-5	0	2	0 %	2,0
https://bus-com.ru/eko-kozha	0	2	0 %	3,0
https://bus-com.ru/sidenja-v-microavtobus-avtobus	0	2	0 %	3,0
https://bus-com.ru/russia?sort=p.model&order=DESC&limit=50	0	2	0 %	4,0
https://bus-com.ru/russia?sort=p.price&order=DESC&page=3&limit=50	0	2	0 %	4,0
https://bus-com.ru/index.php?route=product/product&product_id=367	0	2	0 %	5,0
https://bus-com.ru/index.php?route=affiliate/payment	0	2	0 %	5,5
https://bus-com.ru/russia?limit=75	0	2	0 %	5,5
https://bus-com.ru/russia?sort=pd.name&order=ASC&limit=50	0	2	0 %	5,5
https://bus-com.ru/6500	0	2	0 %	7,0
https://bus-com.ru/russia?limit=25&page=3	0	2	0 %	7,0
https://bus-com.ru/russia?sort=p.price&order=DESC&limit=50&page=2	0	2	0 %	8,5
https://bus-com.ru/russia?sort=pd.name&order=DESC&limit=50	0	2	0 %	9,0
https://bus-com.ru/podlokotnik-pryamoi	0	2	0 %	9,5
https://bus-com.ru/webasto	0	2	0 %	11,0
https://bus-com.ru/russia?sort=p.price&order=DESC&page=4	0	2	0 %	22,5
https://bus-com.ru/russia?sort=p.price&order=DESC&page=3&limit=25	0	2	0 %	26,5
https://bus-com.ru/index.php?route=product/product&product_id=422	0	2	0 %	34,5
https://bus-com.ru/russia?sort=p.price&order=ASC&limit=25&page=4	0	2	0 %	39,5
https://bus-com.ru/russia?limit=50	0	2	0 %	44,5
https://bus-com.ru/russia?sort=p.price&order=DESC&page=1&limit=100	0	2	0 %	82,0
https://bus-com.ru/divan-raskladnoj-на-gazel-gazon	0	1	0 %	1,0
https://bus-com.ru/russia?sort=p.price&order=DESC&limit=25	0	1	0 %	1,0
https://bus-com.ru/vozduhoraspredelitel-v-salon-mikroavtobusa	0	1	0 %	1,0
https://bus-com.ru/shtorki-on-ford-transit-do-2014	0	1	0 %	2,0
https://bus-com.ru/shtorki-on-peugeot-boxer	0	1	0 %	2,0
https://bus-com.ru/turkey/nakladka-na-luchok-benzobaka?sort=pd.name&order=ASC&limit=75	0	1	0 %	2,0
https://bus-com.ru/detali-salona	0	1	0 %	3,0
https://bus-com.ru/profil-svetodiodniy-2	0	1	0 %	3,0
https://bus-com.ru/kronshtein-poruchnya-6	0	1	0 %	4,0
https://bus-com.ru/nakladki-na-ruchki	0	1	0 %	5,0
https://bus-com.ru/russia?sort=p.price&order=DESC&page=8	0	1	0 %	5,0
https://bus-com.ru/sidene-inturist-lyuks	0	1	0 %	5,0
https://bus-com.ru/index.php?route=account/simpleregister	0	1	0 %	6,0
https://bus-com.ru/kronshtein-poruchnya-4	0	1	0 %	6,0
https://bus-com.ru/molotochek-dlya-stekla-v-mikroavtobus-2	0	1	0 %	6,0
https://bus-com.ru/privacy	0	1	0 %	6,0
https://bus-com.ru/russia?sort=p.model&order=ASC&limit=25&page=5	0	1	0 %	6,0
https://bus-com.ru/komplektuyushchie-stekol/armirovannyj-okonnyj-uplotnitel-dlya-avarijno-ventilyacionnogo-lyuka	0	1	0 %	7,0
https://bus-com.ru/russia?sort=p.price&order=ASC&limit=15&page=6	0	1	0 %	7,0
https://bus-com.ru/russia?limit=75&page=2	0	1	0 %	8,0
https://bus-com.ru/russia?sort=p.price&order=ASC&page=4	0	1	0 %	9,0
https://bus-com.ru/russia?sort=p.price&order=ASC&page=5	0	1	0 %	9,0
https://bus-com.ru/nakladka-na-porogi	0	1	0 %	10,0
https://bus-com.ru/pereoborudovanie-mikroavtobusa	0	1	0 %	10,0
https://bus-com.ru/pervyj-vid-podiuma	0	1	0 %	10,0
https://bus-com.ru/profil-svetodiodniy-6	0	1	0 %	10,0
https://bus-com.ru/russia?sort=p.price&order=ASC&limit=15&page=3	0	1	0 %	10,0
https://bus-com.ru/russia?sort=p.price&order=ASC&limit=50	0	1	0 %	10,0
https://bus-com.ru/shtorki-dlya-ford-transit/	0	1	0 %	10,0
https://bus-com.ru/russia?sort=pd.name&order=ASC&limit=15	0	1	0 %	11,0
https://bus-com.ru/russia?sort=p.sort_order&order=ASC&limit=25	0	1	0 %	19,0
https://bus-com.ru/russia?sort=pd.name&order=DESC&limit=75	0	1	0 %	21,0
https://bus-com.ru/russia?limit=15&page=2	0	1	0 %	29,0
https://bus-com.ru/russia?limit=50&page=2	0	1	0 %	33,0
https://bus-com.ru/turkey?sort=p.model&order=DESC&page=3	0	1	0 %	42,0
https://bus-com.ru/index.php?route=product/manufacturer	0	1	0 %	51,0