# Метрика, визиты из поисковых систем по странице входа, 30.06–28.09.2026 (последний значимый переход)
# Всего 7245 визитов: Яндекс 4036, Google 3204. Ниже — 117 страниц с наибольшим числом визитов; остальные 241 страница — 630 Яндекс + 372 Google + 1 прочие
path,yandex,google,other
"/sidenja-dlya-microavtobusov",233,173,0
"/",212,116,1
"/index.php",120,84,0
"/sidenje-inturist-lux",155,30,0
"/stolik-otkidnoi-dlya-mikroavtobusa",124,56,0
"/divan-analog-rivera",81,67,0
"/relsy-kreplenija",58,81,0
"/komplekt-lljuka-maliy-radius",93,28,0
"/passazhirskoe-sidene-lyuks-kategorii-m1",9,108,0
"/bagazhnik-navesnoi-sprinter-classic",60,56,1
"/navesnoi-bagazhnik-gazel-next",79,32,0
"/sidenje-sobol-komfort",59,51,0
"/obshivka-salona-ford-transit",46,59,0
"/shtorki-dlya-mikroavtobusa",48,56,0
"/obshivka-salona-citroen-jumper-peugeot-boxer-fiat-ducato",65,38,0
"/stekla-na-gazel-next-cmf-dlinnaya-baza",0,100,0
"/bokovaya-podnozhka-gazel-next-gazel-nn-1",62,38,0
"/universalnye-salazki-dlya-reguliruemogo-peremeshcheniya-sidenij",51,45,0
"/povorotnyj-mekhanizm-sideniya-usilennyj",13,76,0
"/divan-s-peregorodkoi-analog-rivera",72,15,0
"/zamok-fortochki-mikroavtobusa-1",21,64,0
"/zamok-fortochki-mikroavtobusa",46,35,0
"/shtorki-na-gazel-next-19",77,3,0
"/shtorki-na-gazel-next-cmf",3,74,0
"/podnozhka-bokovaya",40,37,0
"/sidenja-i-komplektuyshie/sidenja-dlya-microavtobusov/sidenje-inturist-lux",70,0,0
"/stekla-na-mercedes-sprinter-classic-411-dlinnaya-baza",23,44,1
"/sidenje-barguzin",39,27,0
"/podium-dlya-katafalka-vydvizhnoy",43,19,0
"/bokovaya-podnozhka-gazel-next-gazel-nn",35,27,0
"/divan-raskladnoj-na-gazel-gazon",37,24,0
"/sidene-voditelya-next-na-pruzhine",18,42,0
"/zaglushka-rezinovaya-v-relsy-salazki-sidenij",30,27,0
"/poruchni",18,33,0
"/stekla-na-gazel-next-metal-srednyaa-baza",23,27,0
"/bokovaya-podnozhka-ford-transit-2006-2014gg",27,22,0
"/kontakty",28,20,0
"/napravlyayushchie-shtorok",44,3,0
"/shtorki-na-mercedes-sprinter",2,44,0
"/osveshenie",30,15,0
"/stolik-novogo-obrazca-skladnoj-na-spinku-sidenya",43,0,0
"/shtorki-na-peugeot-boxer",20,22,0
"/komplektuyushchie-stekol",28,13,0
"/storki-dlya-mikroavtobusov",6,34,0
"/fvu",30,9,0
"/sidenje-avtolie-lux",32,6,0
"/stekla-na-ford-transit-2014",7,31,0
"/komplektuyshie-dlya-sidenij",28,10,0
"/bokovaya-podnozhka-volkswagen-crafter-mercedes-benz-sprinter-1",17,21,0
"/electroprivod-sdvizhnoi-dveri-dvuhmotorniy-turcia",27,10,0
"/stolik-s-elektroprivodom-dlya-mikroavtobusa",13,24,0
"/opory-sidenij-dlya-mikroavtobusov",23,13,0
"/cangovoe-kreplenie-sidushki",20,16,0
"/stekla-na-gazel-next-cmf-korotkaya-baza",9,26,0
"/opora-kreplenie-passazhirskogo-sidenya-gazel-fermer-sdvizhnaya",10,25,0
"/stekla-na-volkswagen-crafter-dlinnaja-baza",16,19,0
"/podlokotnik-reguliruemiy-turkey-2",18,17,0
"/sidenja-i-komplektuyshie/divan-analog-rivera",34,0,0
"/electroprivod-sdvizhnoi-dveri-moko-turcia",12,22,0
"/stekla-na-iveco-daily",8,25,0
"/shtorki-na-ford-transit-2014",21,12,0
"/nakladka-podnozhki",22,10,0
"/poruchen-potolka",21,11,0
"/steklo-590h880mm-dlya-lyuka-530h820mm",15,17,0
"/bokovaya-podnozhka-volkswagen-crafter-mercedes-benz-sprinter",10,21,0
"/linoleum-antiskolzyashiy-transportniy",19,12,0
"/sidenja-i-komplektuyshie/remni-bezopasanosti",30,0,0
"/bagazhniki-dlya-mikroavtobusa",9,21,0
"/sidenje-inturist-ekonom",19,11,0
"/polki",18,12,0
"/skladnoj-mechanism-sidenja",12,18,0
"/zamok-fortochki-mikroavtobusa-3",15,15,0
"/sidene-voditelya-city",29,0,0
"/podlokotnik-reguliruemiy-2",1,28,0
"/bokovaya-podnozhka-ford-transit-2015g",25,4,0
"/uplotnitel-okonniy-uzkiy",20,9,0
"/shtorki-na-iveco-daily",10,17,0
"/bagazhnik-navesnoi-sprinter-515-volkswagen-crafter",13,14,0
"/stekla-na-ford-transit-jumbo",1,25,0
"/podgolovnik-na-lipuchkah-s-vishivkoj",23,3,0
"/kronshtein-poruchnya-3",18,8,0
"/knopka-vyzova-voditelya",9,15,0
"/shtorki-mercedes-sprinter-classic",10,14,0
"/remen-bezopasnosti-2-staticheskiy",20,3,0
"/detali-salona",8,15,0
"/opora-svizhnaya",5,17,0
"/podnozhki",10,12,0
"/sidenje-gida",19,2,0
"/ljuki",1,19,1
"/shtorki-na-fiat-ducato",3,18,0
"/stekla",20,0,0
"/stekla/zamok-fortochki-mikroavtobusa-3",20,0,0
"/bagazhnik-rykzak-mercedes-sprinter-907",1,19,0
"/katushka-retraktor",18,2,0
"/shtorki-na-ford-transit-do-2014",2,18,0
"/sidenja-i-komplektuyshie/sidenja-dlya-microavtobusov/sidene-voditelya-next-na-pruzhine",6,14,0
"/sidenja-i-komplektuyshie",13,7,0
"/paz",11,9,0
"/detali-kuzova-mikroavtobusa/zamok-fortochki-mikroavtobusa-1",19,0,0
"/kolpaki-hrom",1,18,0
"/stekla-na-peugeot-boxer-l3",3,16,0
"/obivka-salona",5,14,0
"/podgolovnikj-na-lipuchkah",13,6,0
"/hrom-paket",12,7,0
"/detali-kuzova-mikroavtobusa/navesnoi-bagazhnik-gazel-next",18,0,0
"/detali-kuzova-mikroavtobusa/stekla",18,0,0
"/stekla-na-fiat-ducato-l4",10,8,0
"/kreslo-lux-pulman",12,5,0
"/podlokotnik-turisticheskij-1",7,10,0
"/konidicionery-i-otopiteli-dlya-mikroavtobusa/ljuki/komplekt-luka-turcia",0,16,0
"/uplotnitel-fortochki",0,16,0
"/remni-bezopasanosti",2,14,0
"/elektroprivod-sdvizhnoi-dveri-kroko",8,8,0
"/sidenja-i-komplektuyshie/sidenja-dlya-microavtobusov/sidenje-bortovoe",15,0,0
"/sidenja-i-komplektuyshie/sidenje-bortovoe",15,0,0
"/detali-pola",12,3,0
"/detali-salona/obivka-salona/stolik-otkidnoi-dlya-mikroavtobusa",14,0,0
