path,fix,wm_clicks,wm_impressions,metrika_visits,in_yandex_index
/index.php?route=product/product&product_id=429,pid,3,29,0,
/komplektuyshie-dlya-sidenij/podlokotnik-reguliruemiy-2,last-slug,2,17,0,
/sidenja-i-komplektuyshie/divan-analog-rivera,last-redirect,1,1,34,
/detali-salona/elektroprivod-sdvizhnoi-dveri-kroko,last-slug,1,9,0,yes
/detali-salona/storki-dlya-mikroavtobusov/shtorki-na-volkswagen-crafter-t5,STILL,1,1,0,
/divan-rivera-dlya-mikroavtobusa,STILL,1,1,0,
/hrom-paket/nakladka-na-zerkala-treugolnik,last-slug,1,1,0,
/index.php?route=product/product&product_id=429&ysclid=mrjnxttb4516935759,pid,1,1,0,
/index.php?route=product/search&search=stf2,search,1,1,0,yes
/index.php?route=product/search&search=Подлокотник паз вектор некст,search,1,4,0,
/opory-sidenij-dlya-mikroavtobusov/nozhki-parnogo-kreplenija-sidenij,last-slug,1,10,0,
/pereoborudovanie-mikroavtobusov/,STILL,1,26,0,yes
/sidenja-dlya-microavtobusov/sidenje-avtolie-lux,last-redirect,1,8,0,yes
/index.php,index-other:,0,0,204,
/stekla/zamok-fortochki-mikroavtobusa-3,last-slug,0,0,20,
/detali-kuzova-mikroavtobusa/zamok-fortochki-mikroavtobusa-1,last-slug,0,0,19,
/detali-kuzova-mikroavtobusa/navesnoi-bagazhnik-gazel-next,last-slug,0,0,18,
/sidenja-i-komplektuyshie/sidenje-bortovoe,last-slug,0,2,15,
/31039797170.htm,STILL,0,0,0,yes
/bampery,STILL,0,0,0,yes
/bampery?product_id=379,STILL,0,0,0,yes
/chehol-dlya-sidenja?search=%D0%A7%D0%B5%D1%85%D0%BE%D0%BB,STILL,0,0,0,yes
/detali-kuzova-mikroavtobusa/bampery,STILL,0,0,0,yes
/detali-kuzova-mikroavtobusa/bampery?product_id=379,STILL,0,0,0,yes
/detali-kuzova-mikroavtobusa/naklada-na-zadnie-stopi,last-slug,0,0,0,yes
/detali-kuzova-mikroavtobusa/nakladka-na-luchok-benzobaka,last-slug,0,0,0,yes
/detali-kuzova-mikroavtobusa/nakladka-na-zadniy-nomer,last-slug,0,0,0,yes
/detali-kuzova-mikroavtobusa/nakladka-na-zerkala,last-slug,0,0,0,yes
/detali-kuzova-mikroavtobusa/nakladka-na-zerkala-treugolnik,last-slug,0,0,0,yes
/detali-kuzova-mikroavtobusa/nakladki-na-ruchki,last-slug,0,0,0,yes
/detali-kuzova-mikroavtobusa/podnozhka-zadnjaya,STILL,0,0,0,yes
/detali-kuzova-mikroavtobusa/podnozhki/podnozhka-zadnjaya,STILL,0,0,0,yes
/detali-kuzova-mikroavtobusa/stekla-na-citroen-jumper-l2,last-slug,0,0,0,yes
/detali-kuzova-mikroavtobusa/stekla-na-citroen-jumper-l3,last-slug,0,0,0,yes
/detali-kuzova-mikroavtobusa/stekla-na-fiat-ducato-l2,last-slug,0,0,0,yes
/detali-kuzova-mikroavtobusa/stekla-na-fiat-ducato-l4,last-slug,0,0,0,yes
/detali-kuzova-mikroavtobusa/stekla-na-ford-transit-2014,last-slug,0,0,0,yes
/detali-kuzova-mikroavtobusa/stekla-na-ford-transit-lwb,last-slug,0,0,0,yes
/detali-kuzova-mikroavtobusa/stekla-na-ford-transit-mvb,last-slug,0,0,0,yes
/detali-kuzova-mikroavtobusa/stekla-na-iveco-daily,last-slug,0,0,0,yes
/detali-kuzova-mikroavtobusa/stekla-na-mercedes-sprinter-411-korotkaya-baza,last-slug,0,1,0,
/detali-kuzova-mikroavtobusa/stekla-na-mercedes-sprinter-515-korotkaya-baza,last-slug,0,0,0,yes
/detali-kuzova-mikroavtobusa/stekla-na-peugeot-boxer-l2,last-slug,0,0,0,yes
/detali-kuzova-mikroavtobusa/stekla-na-peugeot-boxer-l4,last-slug,0,4,0,
/detali-kuzova-mikroavtobusa/stekla/stekla-na-volkswagen-crafter-korotkaya-baza,last-slug,0,0,0,yes
/detali-kuzova-mikroavtobusa/stekla/uplotnitel-okonniy-mercedes-sprinter,last-slug,0,0,0,yes
/detali-kuzova-mikroavtobusa/stekla/uplotnitel-okonniy-uzkiy,last-slug,0,0,0,yes
/detali-kuzova-mikroavtobusa/stekla/zamok-fortochki-mikroavtobusa-1,last-slug,0,0,0,yes
/detali-kuzova-mikroavtobusa/stekla/zamok-fortochki-mikroavtobusa-3,last-slug,0,0,0,yes
/detali-pola/profil-svetodiodniy-11,STILL,0,0,0,yes
/detali-pola/profil-svetodiodniy-8,STILL,0,0,0,yes
/detali-salona/detali-pola/profil-svetodiodniy-8,STILL,0,0,0,yes
/detali-salona/electroprivod-sdvizhnoi-dveri-dvuhmotorniy-turcia,last-slug,0,3,0,yes
/detali-salona/lampa-millenium,last-slug,0,0,0,yes
/detali-salona/obivka-salona/kozhuh-arki-v-salon-ford-transit-dvuhskatka,STILL,0,0,0,yes
/detali-salona/osveshenie/svetilnik-v-porog,STILL,0,0,0,yes
/detali-salona/shtorki-na-citroen-jumper,last-slug,0,0,0,yes
/detali-salona/shtorki-na-iveco-daily,last-slug,0,0,0,yes
/detali-salona/storki-dlya-mikroavtobusov/shtorki-na-gazel-next-karkasnik,STILL,0,0,0,yes
/detali-salona/svetilnik-v-porog,STILL,0,0,0,yes
/detali-salona/tkan-dlya-okleiki-salona-mikroavtobusa,last-slug,0,0,0,yes
/electrooborudovanie-mikroavtobusa/electroprivod-sdvizhnoi-dveri-dvuhmotorniy-turcia,last-slug,0,1,0,yes
/electrooborudovanie-mikroavtobusa/elektroprivod-sdvizhnoi-dveri-kroko,last-slug,0,5,0,
/electrooborudovanie-mikroavtobusa/knopka-vyzova-voditelya,last-slug,0,0,0,yes
/electrooborudovanie-mikroavtobusa/universalniy-blok-upravleniya,last-slug,0,0,0,yes
/gazel/shtorki-na-peugeot-boxer,last-slug,0,0,0,yes
/hrom-paket/kolpaki-hrom,last-slug,0,0,0,yes
/hrom-paket/naklada-na-zadnie-stopi,last-slug,0,0,0,yes
/hrom-paket/nakladka-na-luchok-benzobaka,last-slug,0,1,0,yes
/hrom-paket/nakladka-na-nomer-s-nadpisju,last-slug,0,0,0,yes
/hrom-paket/nakladka-na-zerkala,last-slug,0,0,0,yes
/hrom-paket/nakladki-na-radiator-3,last-slug,0,0,0,yes
/index.php?_route_=detali-kuzova-mikroavtobusa/kolpaki-hrom,index-other:,0,0,0,yes
/index.php?_route_=detali-salona/detali-pola/relsy-kreplenija,index-other:,0,1,0,
/index.php?_route_=detali-salona/tkan-i-shtory/eko-kozha,index-other:,0,0,0,yes
/index.php?_route_=kolpaki-hrom,index-other:,0,0,0,yes
/index.php?_route_=kreslo-lux-pulman,index-other:,0,0,0,yes
/index.php?_route_=sidenja-i-komplektuyshie/komplektuyshie-dlya-sidenij/nozhki-kreplenija-sidenja,index-other:,0,0,0,yes
/index.php?_route_=sidenja-i-komplektuyshie/komplektuyshie-dlya-sidenij/podgolovnik-na-lipuchkah-s-vishivkoj,index-other:,0,0,0,yes
/index.php?_route_=sidenja-i-komplektuyshie/sidenja-dlya-microavtobusov/sidenje-avtolie-lux,index-other:,0,0,0,yes
/index.php?_route_=sidenja-i-komplektuyshie/skladnoj-mechanism-sidenja,index-other:,0,0,0,yes
/index.php?product_id=251&route=product/product,pid,0,0,0,yes
/index.php?product_id=428&route=product/product,pid,0,0,0,yes
/index.php?product_id=429&route=product/product,pid,0,0,0,yes
/index.php?route=account/login,index-other:account/login,0,0,0,yes
/index.php?route=account/return/add,index-other:account/return/add,0,0,0,yes
/index.php?route=account/success,index-other:account/success,0,0,0,yes
/index.php?route=affiliate/login,index-other:affiliate/login,0,0,0,yes
/index.php?route=checkout/cart,index-other:checkout/cart,0,0,0,yes
/index.php?route=checkout/simplecheckout,index-other:checkout/simplecheckout,0,0,0,yes
/index.php?route=checkout/success,index-other:checkout/success,0,0,0,yes
/index.php?route=information/contact/success,index-other:information/contact/success,0,0,0,yes
/index.php?route=information/sitemap,index-other:information/sitemap,0,0,0,yes
/index.php?route=payment/sbrf_online/sbrf_online_success,index-other:payment/sbrf_online/sbrf_online_success,0,0,0,yes
/index.php?route=product%2Fmanufacturer,index-other:product/manufacturer,0,0,0,yes
/index.php?route=product%2Fproduct&product_id=429,pid,0,0,0,yes
/index.php?route=product%2Fproduct&product_id=474,pid,0,0,0,yes
/index.php?route=product/category&path=89,index-other:product/category,0,0,0,yes
/index.php?route=product/compare,index-other:product/compare,0,0,0,yes
/index.php?route=product/manufacturer,index-other:product/manufacturer,0,0,0,yes
/index.php?route=product/product&product_id=279,pid,0,0,0,yes
/index.php?route=product/product&product_id=406,pid,0,0,0,yes
/index.php?route=product/product&product_id=474,pid,0,27,0,
/index.php?route=product/product&product_id=474&search=%D0%9F%D0%BE%D0%B2%D0%BE%D1%80%D0%BE%D1%82%D0%BD%D1%8B%D0%B9+%D0%BC%D0%B5%D1%85%D0%B0%D0%BD%D0%B8%D0%B7%D0%BC,pid,0,0,0,yes
/index.php?route=product/product&product_id=66,pid,0,0,0,yes
/index.php?route=product/search,search,0,1,0,yes
/index.php?route=product/search&search=%20%20%20%D0%A0%D0%B5%D0%BB%D1%8C%D1%81%20%D0%B4%D0%BB%D1%8F%20%D0%BA%D1%80%D0%B5%D0%BF%D0%BB%D0%B5%D0%BD%D0%B8%D1%8F%20%D1%81%D0%B8%D0%B4%D0%B5%D0%BD%D0%B8%D0%B9,search,0,0,0,yes
/index.php?route=product/search&search=%D0%91%D0%BE%D0%BA%D0%BE%D0%B2%D0%B0%D1%8F%20%D0%BF%D0%BE%D0%B4%D0%BD%D0%BE%D0%B6%D0%BA%D0%B0%20%D0%BD%D0%B0%20%D1%84%D0%BE%D1%80%D0%B4%20%D1%82%D1%80%D0%B0%D0%BD%D0%B7%D0%B8%D1%82%202017,search,0,0,0,yes
/index.php?route=product/search&search=%D0%91%D0%BE%D0%BA%D0%BE%D0%B2%D1%8B%D0%B5%20%D0%BF%D0%BB%D0%B0%D1%81%D1%82%D0%BC%D0%B0%D1%81%D0%BA%D0%B8%20%D0%BD%D0%B0%20%D1%81%D0%B8%D0%B4%D0%B5%D0%BD%D1%8C%D1%8F%20%D0%A2%D1%83%D1%80%D0%B8%D1%81%D1%82,search,0,0,0,yes
/index.php?route=product/search&search=%D0%93%D0%B0%D0%B1%D0%B0%D1%80%D0%B8%D1%82%D1%8B,search,0,0,0,yes
/index.php?route=product/search&search=%D0%94%D0%BE%D0%B1%D1%80%D0%BE%D0%B3%D0%BE%20%D0%B2%D1%80%D0%B5%D0%BC%D0%B5%D0%BD%D0%B8%20%D0%BB%D0%B5%D0%B2%D0%B0%D1%8F%20%D1%81%D0%B0%D0%BB%D0%BE%D0%BD%D0%BD%D0%B0%D1%8F%201119.79%20,search,0,0,0,yes
/index.php?route=product/search&search=%D0%94%D1%83%D0%B3%D0%B8,search,0,0,0,yes
/index.php?route=product/search&search=%D0%97%D0%B0%D0%B4%D0%BD%D0%B5%D0%B5%20%D0%BF%D1%80%D0%B0%D0%B2%D0%BE%D0%B5,search,0,0,0,yes
/index.php?route=product/search&search=%D0%97%D0%B0%D0%B4%D0%BD%D1%8F%D1%8F%20%D0%BF%D0%BE%D0%B4%D0%BD%D0%BE%D0%B6%D0%BA%D0%B0%20%D1%84%D0%BE%D1%80%D0%B4%20%D1%82%D1%80%D0%B0%D0%BD%D0%B7%D0%B8%D1%82,search,0,0,0,yes
/index.php?route=product/search&search=%D0%97%D0%B0%D0%BC%D0%BE%D0%BA%20%D1%84%D0%BE%D1%80%D1%82%D0%BE%D1%87%D0%BA%D0%B8,search,0,0,0,yes
/index.php?route=product/search&search=%D0%97%D0%B0%D0%BC%D0%BE%D0%BA%20%D1%84%D0%BE%D1%80%D1%82%D0%BE%D1%87%D0%BA%D0%B8%20STF5,search,0,0,0,yes
/index.php?route=product/search&search=%D0%97%D0%B0%D0%BC%D0%BE%D0%BA%20%D1%84%D0%BE%D1%80%D1%82%D0%BE%D1%87%D0%BA%D0%B8%20STF6,search,0,0,0,yes
/index.php?route=product/search&search=%D0%98%D0%B2%D0%B5%D0%BA%D0%BE%20%D0%B4%D0%B5%D0%B9%D0%BB%D0%B8,search,0,0,0,yes
/index.php?route=product/search&search=%D0%9A%D0%BB%D0%B8%D0%BF%D1%81%D1%8B%20%D1%88%D1%82%D0%BE%D1%80,search,0,0,0,yes
/index.php?route=product/search&search=%D0%9A%D0%BE%D0%BC%D0%BF%D0%BB%D0%B5%D0%BA%D1%82%D1%83%D1%8E%D1%89%D0%B8%D0%B5,search,0,0,0,yes
/index.php?route=product/search&search=%D0%9A%D1%80%D0%BE%D0%BD%D1%88%D1%82%D0%B5%D0%B9%D0%BD%20%D0%B4%D0%BB%D1%8F%20%D0%BF%D0%BE%D1%80%D1%83%D1%87%D0%BD%D1%8F,search,0,0,0,yes
/index.php?route=product/search&search=%D0%9A%D1%80%D0%BE%D0%BD%D1%88%D1%82%D0%B5%D0%B9%D0%BD%20%D0%BF%D0%BE%D1%80%D1%83%D1%87%D0%BD%D1%8F%20,search,0,0,0,yes
/index.php?route=product/search&search=%D0%9B%D0%B8%D0%BD%D0%BE%D0%BB%D0%B5%D1%83%D0%BC%20%D0%B0%D0%BD%D1%82%D0%B8%D1%81%D0%BA%D0%BE%D0%BB%D1%8C%D0%B7%D1%8F%D1%89%D0%B8%D0%B9%20%D1%82%D1%80%D0%B0%D0%BD%D1%81%D0%BF%D0%BE%D1%80%D1%82%D0%BD%D1%8B%D0%B9%20%D1%81%20%D0%BA%D1%80%D0%BE%D1%88%D0%BA%D0%BE%D0%B9,search,0,0,0,yes
/index.php?route=product/search&search=%D0%9D%D0%B0%D0%BA%D0%BB%D0%B0%D0%B4%D0%BA%D0%B8%20%D1%83%D0%B3%D0%BE%D0%BB%D0%BA%D0%B8%20%D0%B4%D0%BB%D1%8F%20%D0%B1%D0%BE%D0%BA%D0%BE%D0%B2%D0%BE%D0%B9%20%D0%BF%D0%BE%D0%B4%D0%BD%D0%BE%D0%B6%D0%BA%D0%B8%20%D0%BC%D0%B8%D0%BA%D1%80%D0%BE%D0%B0%D0%B2%D1%82%D0%BE%D0%B1%D1%83%D1%81%D0%B0,search,0,0,0,yes
/index.php?route=product/search&search=%D0%9D%D0%B0%D0%BF%D1%80%D0%B0%D0%B2%D0%BB%D1%8F%D1%8E%D1%89%D0%B8%D0%B5%20,search,0,0,0,yes
/index.php?route=product/search&search=%D0%9D%D0%B0%D0%BF%D1%80%D0%B0%D0%B2%D0%BB%D1%8F%D1%8E%D1%89%D0%B8%D0%B5%20%D0%B4%D0%BB%D1%8F%20%D1%88%D1%82%D0%BE%D1%80%20,search,0,0,0,yes
/index.php?route=product/search&search=%D0%9D%D0%B5%D0%BA%D1%81%D1%82,search,0,0,0,yes
/index.php?route=product/search&search=%D0%9E%D0%B1%D1%80%D0%B0%D0%BC%D0%BB%D0%B5%D0%BD%D0%B8%D0%B5%20%D0%BE%D0%BA%D0%BE%D0%BD,search,0,0,0,yes
/index.php?route=product/search&search=%D0%9E%D0%B1%D1%88%D0%B8%D0%B2%D0%BA%D0%B0%20%D0%BF%D0%BB%D0%B0%D1%81%D1%82%D0%B8%D0%BA%20%D0%BD%D0%B0%20%D0%BA%D0%B0%D0%BF%D0%BE%D1%82,search,0,0,0,yes
/index.php?route=product/search&search=%D0%9E%D0%BF%D0%BE%D1%80%D1%8B%20%D1%81%D0%B8%D0%B4%D0%B5%D0%BD%D0%B8%D1%8F%20,search,0,0,0,yes
/index.php?route=product/search&search=%D0%9F%D0%B0%D0%B7,search,0,0,0,yes
/index.php?route=product/search&search=%D0%9F%D0%B5%D0%B6%D0%BE%20%D0%B1%D0%BE%D0%BA%D1%81%D0%B5%D1%80,search,0,0,0,yes
/index.php?route=product/search&search=%D0%9F%D0%B5%D1%80%D0%B5%D0%B3%D0%BE%D1%80%D0%BE%D0%B4%D0%BA%D0%B0,search,0,0,0,yes
/index.php?route=product/search&search=%D0%9F%D0%B5%D1%80%D0%B5%D0%BE%D0%B1%D0%BE%D1%80%D1%83%D0%B4%D0%BE%D0%B2%D0%B0%D0%BD%D0%B8%D0%B5%20%D0%BC%D0%B8%D0%BA%D1%80%D0%BE%D0%B0%D0%B2%D1%82%D0%BE%D0%B1%D1%83%D1%81%D0%BE%D0%B2%20%D0%B2%20%D0%A7%D0%B5%D0%BB%D1%8F%D0%B1%D0%B8%D0%BD%D1%81%D0%BA%D0%B5%20,search,0,0,0,yes
/index.php?route=product/search&search=%D0%9F%D0%BB%D0%B0%D1%81%D1%82%D0%B8%D0%BA%D0%BE%D0%B2%D1%8B%D0%B9%20%D0%BA%D0%B0%D1%80%D0%BA%D0%B0%D1%81%20%D1%81%D0%B8%D0%B4%D0%B5%D0%BD%D0%B8%D0%B9%20,search,0,0,0,yes
/index.php?route=product/search&search=%D0%9F%D0%BE%D0%B2%D0%BE%D1%80%D0%BE%D1%82%D0%BD%D1%8B%D0%B9%20%D0%BC%D0%B5%D1%85%D0%B0%D0%BD%D0%B8%D0%B7%D0%BC,search,0,0,0,yes
/index.php?route=product/search&search=%D0%9F%D0%BE%D0%B4%D0%BB%D0%BE%D0%BA%D0%BE%D1%82%D0%BD%D0%B8%D0%BA,search,0,0,0,yes
/index.php?route=product/search&search=%D0%9F%D0%BE%D0%B4%D0%BB%D0%BE%D0%BA%D0%BE%D1%82%D0%BD%D0%B8%D0%BA%20%D0%BF%D0%B0%D0%B7%20,search,0,0,0,yes
/index.php?route=product/search&search=%D0%9F%D0%BE%D0%B4%D0%BB%D0%BE%D0%BA%D0%BE%D1%82%D0%BD%D0%B8%D0%BA%20%D0%BF%D0%B0%D0%B7%20%20%D0%B2%D0%B5%D0%BA%D1%82%D0%BE%D1%80,search,0,0,0,yes
/index.php?route=product/search&search=%D0%9F%D0%BE%D0%B4%D0%BB%D0%BE%D0%BA%D0%BE%D1%82%D0%BD%D0%B8%D0%BA%20%D0%BF%D0%B0%D0%B7%20%D0%B2%D0%B5%D0%BA%D1%82%D0%BE%D1%80%20%D0%BD%D0%B5%D0%BA%D1%81%D1%82,search,0,0,0,yes
/index.php?route=product/search&search=%D0%9F%D0%BE%D0%B4%D0%BB%D0%BE%D0%BA%D0%BE%D1%82%D0%BD%D0%B8%D0%BA%20%D1%81%D0%B8%D0%B4%D0%B5%D0%BD%D1%8C%D1%8F%20%20%D0%BF%D0%B0%D0%B7,search,0,0,0,yes
/index.php?route=product/search&search=%D0%9F%D0%BE%D0%B4%D0%BD%D0%BE%D0%B6%D0%BA%D0%B0,search,0,0,0,yes
/index.php?route=product/search&search=%D0%9F%D0%BE%D0%B4%D0%BD%D0%BE%D0%B6%D0%BA%D0%BF,search,0,0,0,yes
/index.php?route=product/search&search=%D0%9F%D0%BE%D0%BB%D0%BA%D0%B0%20%D0%BF%D0%B5%D1%80%D0%B5%D0%B4%D0%BD%D1%8F%D1%8F%20%D0%9F%D0%90%D0%97%20,search,0,0,0,yes
/index.php?route=product/search&search=%D0%A0%D0%B5%D0%B7%D0%B8%D0%BD%D0%BA%D0%B0%20%D0%BB%D1%8E%D0%BA%D0%B0,search,0,0,0,yes
/index.php?route=product/search&search=%D0%A0%D0%B5%D0%B7%D0%B8%D0%BD%D0%BE%D0%B2%D1%8B%D0%B9%20%D0%BC%D0%BE%D0%BB%D0%B4%D0%B8%D0%BD%D0%B3%20%D1%81%D1%82%D0%B5%D0%BA%D0%BB%D1%8F%D0%BD%D0%BD%D0%BE%D0%B3%D0%BE%20%D0%BB%D1%8E%D0%BA%D0%B0,search,0,0,0,yes
/index.php?route=product/search&search=%D0%A0%D0%B5%D0%B7%D0%B8%D0%BD%D0%BE%D0%B2%D1%8B%D0%B9%20%D1%83%D0%BF%D0%BB%D0%BE%D1%82%D0%BD%D0%B8%D1%82%D0%B5%D0%BB%D1%8C%20%D0%BB%D1%8E%D0%BA%D0%B0,search,0,0,0,yes
/index.php?route=product/search&search=%D0%A0%D0%B5%D0%BC%D0%B5%D0%BD%D1%8C%20%D0%B1%D0%B5%D0%B7%D0%BE%D0%BF%D0%B0%D1%81%D0%BD%D0%BE%D1%81%D1%82%D0%B8,search,0,0,0,yes
/index.php?route=product/search&search=%D0%A0%D1%83%D1%87%D0%BA%D0%B0,search,0,0,0,yes
/index.php?route=product/search&search=%D0%A1%20%D0%B2%D1%8B%D1%88%D0%B8%D0%B2%D0%BA%D0%BE%D0%B9%20%D0%A1%D0%B8%D0%BC%D0%B0%D0%B7,search,0,0,0,yes
/index.php?route=product/search&search=%D0%A1%D0%B8%D0%B4%D0%B5%D0%BD%D1%8C%D0%B5%20,search,0,0,0,yes
/index.php?route=product/search&search=%D0%A1%D0%B8%D0%B4%D0%B5%D0%BD%D1%8C%D1%8F,search,0,0,0,yes
/index.php?route=product/search&search=%D0%A1%D1%82%D0%B5%D0%BA%D0%BB%D0%BE,search,0,0,0,yes
/index.php?route=product/search&search=%D0%A1%D1%82%D0%B5%D0%BA%D0%BB%D0%BE%20%D0%BD%D0%B0%20%D0%B7%D0%B0%D0%B4%D0%BD%D1%8E%D1%8E%20%D0%BF%D1%80%D0%B0%D0%B2%D1%83%D1%8E%20%D0%B4%D0%B2%D0%B5%D1%80%D1%8C%20%D0%9F%D0%B5%D0%B6%D0%BE%20%D0%B1%D0%BE%D0%BA%D1%81%D1%91%D1%80%203,search,0,0,0,yes
/index.php?route=product/search&search=%D0%A1%D1%82%D0%B5%D0%BA%D0%BB%D0%BE&description=true,search,0,0,0,yes
/index.php?route=product/search&search=%D0%A1%D1%82%D0%BE%D0%BB,search,0,0,0,yes
/index.php?route=product/search&search=%D0%A2%D1%80%D0%BE%D0%B9%D0%BD%D0%BE%D0%B5%20%D1%81%D0%B8%D0%B4%D0%B5%D0%BD%D0%B8%D0%B5%20%D0%B2%20%D0%BC%D0%B8%D0%BA%D1%80%D0%BE%D0%B0%D0%B2%D1%82%D0%BE%D0%B1%D1%83%D1%81%20,search,0,0,0,yes
/index.php?route=product/search&search=%D0%A3%D0%BF%D0%BB%D0%BE%D1%82%D0%BD%D0%B8%D1%82%D0%B5%D0%BB%D1%8C%20%D1%84%D0%BE%D1%80%D1%82%D0%BE%D1%87%D0%BA%D0%B8%20%D0%A4%D0%B8%D0%B0%D1%82%20%D0%94%D1%83%D0%BA%D0%B0%D1%82%D0%BE,search,0,0,0,yes
/index.php?route=product/search&search=%D0%A4%D0%BE%D1%80%D0%B4%20%D1%82%D1%80%D0%B0%D0%BD%D0%B7%D0%B8%D1%82,search,0,0,0,yes
/index.php?route=product/search&search=%D0%A4%D0%BE%D1%80%D1%82%D0%BE%D1%87%D0%BA%D0%B8,search,0,0,0,yes
/index.php?route=product/search&search=%D0%A4%D0%BE%D1%80%D1%82%D0%BE%D1%87%D0%BA%D0%B8%20%D0%B2%20%D0%B0%D0%B2%D1%82%D0%BE%D0%B4%D0%BE%D0%BC,search,0,0,0,yes
/index.php?route=product/search&search=%D0%A4%D0%BE%D1%80%D1%82%D0%BE%D1%87%D0%BA%D0%B8%20%D0%B2%20%D0%B0%D0%B2%D1%82%D0%BE%D0%B4%D0%BE%D0%BC&category_id=63&description=true,search,0,0,0,yes
/index.php?route=product/search&search=%D0%A8%D1%82%D0%BE%D1%80%D0%BA%D0%B8,search,0,0,0,yes
/index.php?route=product/search&search=%D0%A8%D1%82%D0%BE%D1%80%D1%8B,search,0,0,0,yes
/index.php?route=product/search&search=%D0%A8%D1%82%D0%BE%D1%80%D1%8B%20%D0%A0%D0%B5%D0%BD%D0%BE%20%D0%BC%D0%B0%D1%81%D1%82%D0%B5%D1%80,search,0,0,0,yes
/index.php?route=product/search&search=%D0%A9%D0%B5%D1%82%D0%BA%D0%B0%20%D1%81%D1%82%D0%B5%D0%BA%D0%BB%D0%BE%D0%BE%D1%87%D0%B8%D1%81%D1%82%D0%B8%D1%82%D0%B5%D0%BB%D1%8F,search,0,0,0,yes
/index.php?route=product/search&search=%D0%B1%D0%BB%D0%BE%D0%BA%20%D1%83%D0%BF%D1%80%D0%B0%D0%B2%D0%BB%D0%B5%D0%BD%D0%B8%D1%8F%20,search,0,0,0,yes
/index.php?route=product/search&search=%D0%B1%D1%8B%D1%81%D1%82%D1%80%D0%BE%D1%81%D1%8C%D0%B5%D0%BC%D0%BD%D1%8B%D0%B5,search,0,0,0,yes
/index.php?route=product/search&search=%D0%BA%D0%B0%D1%82%D0%B0%D1%84%D0%B0%D0%BB%D0%BA,search,0,0,0,yes
/index.php?route=product/search&search=%D0%BA%D0%BE%D0%B6%D1%83%D1%85%20%D0%B0%D1%80%D0%BA%D0%B8,search,0,0,0,yes
/index.php?route=product/search&search=%D0%BD%D0%B5%D0%BE%D0%BF%D0%BB%D0%B5%D0%BD,search,0,0,0,yes
/index.php?route=product/search&search=%D0%BD%D0%B9%D1%8E%D0%A9%20%D0%90%D1%80%D0%B8%D0%BD%D0%B0,search,0,0,0,yes
/index.php?route=product/search&search=%D0%BE%D0%BF%D0%BE%D1%80%D0%B0,search,0,0,0,yes
/index.php?route=product/search&search=%D0%BF%D0%BE%D0%B4%D0%BB%D0%BE%D0%BA%D0%BE%D1%82%D0%BD%D0%B8%D0%BA,search,0,0,0,yes
/index.php?route=product/search&search=%D0%BF%D0%BE%D0%B4%D0%BB%D0%BE%D0%BA%D0%BE%D1%82%D0%BD%D0%B8%D0%BA%20%D1%82%D1%83%D1%80%D0%B8%D1%81%D1%82,search,0,0,0,yes
/index.php?route=product/search&search=%D1%80%D1%83%D1%87%D0%BA,search,0,0,0,yes
/index.php?route=product/search&search=%D1%81%D0%B5%D1%82%D0%BA%D0%B0,search,0,0,0,yes
/index.php?route=product/search&search=%D1%81%D0%B8%D0%B4%D0%B5%D0%BD%D1%8C%D0%B5,search,0,0,0,yes
/index.php?route=product/search&search=%D1%81%D0%B8%D0%B4%D0%B5%D0%BD%D1%8C%D0%B5%20%D0%BE%D1%82%D0%BA%D0%B8%D0%B4%D0%BD%D0%BE%D0%B5%20%D0%BD%D0%B0%20%D0%BC%D0%B8%D0%BA%D1%80%D0%BE%D0%B0%D0%B2%D1%82%D0%BE%D0%B1%D1%83%D1%81,search,0,0,0,yes
/index.php?route=product/search&search=%D1%81%D0%B8%D0%B4%D0%B5%D0%BD%D1%8C%D1%8F%20%D0%B4%D0%BB%D1%8F%20%D1%84%D0%BE%D1%80%D0%B4%20%D1%82%D1%80%D0%B0%D0%BD%D0%B7%D0%B8%D1%82,search,0,0,0,yes
/index.php?route=product/search&search=%D1%81%D0%BA%D0%BE%D0%B1%D0%B0,search,0,0,0,yes
/index.php?route=product/search&search=%D1%81%D0%BE%D0%B1%D0%BE%D0%BB%D1%8C+%D0%BD%D0%BD+%D0%BF%D0%BE%D0%B4%D0%BD%D0%BE%D0%B6%D0%BA%D0%B0,search,0,0,0,yes
/index.php?route=product/search&search=%D1%81%D1%82%D0%B5%D0%BA%D0%BB%D0%BE%20%D0%BB%D1%8E%D0%BA,search,0,0,0,yes
/index.php?route=product/search&search=%D1%81%D1%82%D0%B5%D0%BA%D0%BB%D0%BE%20%D0%BB%D1%8E%D0%BA%D0%B0,search,0,0,0,yes
/index.php?route=product/search&search=%D1%86%D0%B0%D0%BD%D0%B3%D0%BE%D0%B2%D0%BE%D0%B5%20%D0%BA%D1%80%D0%B5%D0%BF%D0%BB%D0%B5%D0%BD%D0%B8%D0%B5,search,0,0,0,yes
/index.php?route=product/search&search=Peugeot%20boxer,search,0,0,0,yes
/index.php?route=product/search&search=Peugeot%20boxer%20%D1%88%D1%82%D0%BE%D1%80%D0%BA%D0%B0,search,0,0,0,yes
/index.php?route=product/search&search=Peugeot%20boxer%20%D1%88%D1%82%D0%BE%D1%80%D1%8B,search,0,0,0,yes
/index.php?route=product/search&search=Trw%20b47pg,search,0,0,0,yes
/index.php?route=product/search&search=XU6220921F0000009,search,0,0,0,yes
/index.php?route=product/search&search=Zanoti,search,0,0,0,yes
/index.php?route=product/search&search=stf3,search,0,0,0,yes
/index.php?route=product/search&search=Кронштейн для поручня,search,0,1,0,
/index.php?route=product/search&search=Кронштейн поручня ,search,0,2,0,
/index.php?route=product/search&search=Сиденья ,search,0,3,0,
/index.php?route=product/search&search=Стол,search,0,1,0,
/index.php?route=product/search&search=катафалк,search,0,2,0,
/index.php?route=product/search&tag=%D0%92%D0%BE%D0%B7%D0%B4%D1%83%D1%85%D0%BE%D0%B2%D0%BE%D0%B4%D1%8B%20%D0%B4%D0%B2%D0%BE%D0%B9%D0%BD%D1%8B%D0%B5%20%D0%B4%D0%BB%D1%8F%20%D0%BC%D0%B8%D0%BA%D1%80%D0%BE%D0%B0%D0%B2%D1%82%D0%BE%D0%B1%D1%83%D1%81%D0%B0%20%D0%BA%D1%83%D0%BF%D0%B8%D1%82%D1%8C,search,0,0,0,yes
/index.php?route=product/search&tag=%D0%9A%D0%BE%D0%BC%D1%84%D0%BE%D1%80%D1%82%20%D0%B1%D0%BB%D0%BE%D0%BA%20%D0%B4%D0%BB%D1%8F%20%D0%BC%D0%B8%D0%BA%D1%80%D0%BE%D0%B0%D0%B2%D1%82%D0%BE%D0%B1%D1%83%D1%81%D0%B0%20ALIS%20%D0%BA%D1%83%D0%BF%D0%B8%D1%82%D1%8C,search,0,0,0,yes
/index.php?route=product/special,index-other:product/special,0,0,0,yes
/komplektuyshie-dlya-sidenij/cangovoe-kreplenie-sidushki,last-slug,0,3,0,
/komplektuyshie-dlya-sidenij/chehol-dlya-sidenja,STILL,0,0,0,yes
/komplektuyshie-dlya-sidenij/podgolovnikj-na-lipuchkah,last-slug,0,0,0,yes
/komplektuyshie-dlya-sidenij/podlokotnik-pryamoi,last-slug,0,2,0,yes
/komplektuyshie-dlya-sidenij/podlokotnik-reguliruemiy-turkey-2,last-slug,0,2,0,
/komplektuyshie-dlya-sidenij/ruchka-kreplenija,last-slug,0,12,0,
/komplektuyshie-dlya-sidenij/setka-na-spinku-sidenja,last-slug,0,0,0,yes
/komplektuyshie-dlya-sidenij/skladnoj-mechanism-sidenja,last-slug,0,2,0,yes
/komplektuyshie-dlya-sidenij/stolik-na-spinku,last-slug,0,3,0,
/komplektuyshie-dlya-sidenij/tkan-dlya-okleiki-salona-mikroavtobusa,last-slug,0,0,0,yes
/komplektuyshie-dlya-sidenij/tumba-povorotnaya,STILL,0,0,0,yes
/komplektuyushchie-stekol/molotochek-dlya-stekla-v-mikroavtobus-2,last-slug,0,0,0,yes
/komplektuyushchie-stekol/uplotnitel-fortochki,last-slug,0,2,0,yes
/komplektuyushchie-stekol/zamok-fortochki-mikroavtobusa-1,last-slug,0,0,0,yes
/komplektuyushchie-stekol/zamok-fortochki-stf4,last-slug,0,23,0,yes
"/kondicionery/condicioner-na-mercedes-9,5-nakrishniy",STILL,0,0,0,yes
/konidicionery-i-otopiteli-dlya-mikroavtobusa/komfort-block-temsa,STILL,0,0,0,yes
"/konidicionery-i-otopiteli-dlya-mikroavtobusa/kondicionery/condicioner-na-mercedes-9,5-nakrishniy",STILL,0,0,0,yes
/konidicionery-i-otopiteli-dlya-mikroavtobusa/ljuki/luk-na-mikroavtobus-45-50,STILL,0,0,0,yes
/konidicionery-i-otopiteli-dlya-mikroavtobusa/luk-na-mikroavtobus-50-50,last-slug,0,0,0,yes
/konidicionery-i-otopiteli-dlya-mikroavtobusa/vozduhovody/vozduhovody-aura,STILL,0,0,0,yes
/ljuki/komplekt-lljuka-maliy-radius,last-slug,0,0,0,yes
/ljuki/komplekt-lyuka-60x75,last-slug,0,0,0,yes
/ljuki/luk-na-mikroavtobus-45-50,STILL,0,0,0,yes
/obivka-salona/kozhuh-arki-v-salon-ford-transit-dvuhskatka,STILL,0,0,0,yes
/obivka-salona/stolik-otkidnoi-dlya-mikroavtobusa,last-slug,0,0,0,yes
/obivka-salona/stolik-s-elektroprivodom-dlya-mikroavtobusa,last-slug,0,1,0,
/opora-sidenja-so-sdvigom-v-bok?search=sk31,STILL,0,0,0,yes
/opory-sidenij-dlya-mikroavtobusov/nozhki-kreplenija-sidenja,last-slug,0,1,0,yes
/opory-sidenij-dlya-mikroavtobusov/nozhki-trojnogo-kreplenija-sidenij,last-slug,0,0,0,yes
/opory-sidenij-dlya-mikroavtobusov/opora-kreplenie-passazhirskogo-sidenya-gazel-fermer-sdvizhnaya,last-slug,0,3,0,yes
/opory-sidenij-dlya-mikroavtobusov/opora-sobol,last-slug,0,0,0,yes
/opory-sidenij-dlya-mikroavtobusov/tumba-povorotnaya,STILL,0,0,0,yes
/osveshenie/lampa-kapelka,last-slug,0,0,0,yes
/osveshenie/profil-svetodiodniy-5,last-slug,0,0,0,yes
/osveshenie/profil-svetodiodniy-7,last-slug,0,0,0,yes
/osveshenie/svetilnik-v-porog,STILL,0,0,0,yes
/osveshenie/svetodiodnaya-lenta,STILL,0,0,0,yes
/otopitel-oc7,STILL,0,0,0,yes
/otopiteli/otopitel-oc7,STILL,0,0,0,yes
/paz/kozhuh-dekorativniy-otopitelya-salona-avtobusa,STILL,0,0,0,yes
/paz/plafon-osvesheniya-svetodiodniy,last-slug,0,0,0,yes
/paz/shtorki-na-volkswagen-crafter-t5,STILL,0,0,0,yes
/paz/sidenje-avtolie-lux,last-redirect,0,29,0,yes
/pereoborudovanie-mikroavtobusov/?route=information/constructor&pm_source=win.mail.ru&pm_block=none&pm_position=0,STILL,0,0,0,yes
/podnozhki/bokovaya-podnozhka-ford-transit-2006-2014gg,last-slug,0,0,0,yes
/podnozhki/bokovaya-podnozhka-gazel-next-gazel-nn,last-slug,0,0,0,yes
/podnozhki/bokovaya-podnozhka-gazel-next-gazel-nn-1,last-slug,0,1,0,yes
/podnozhki/podnozhka-zadnjaya,STILL,0,0,0,yes
/poruchni/kronshtein-poruchnya-1,last-slug,0,2,0,
/poruchni/kronshtein-poruchnya-5,last-slug,0,1,0,
/remni-bezopasanosti/remen-bezopasnosti-3,last-redirect,0,25,0,yes
/remni-bezopasanosti/remen-zadnih-dverei-avtobusa,last-slug,0,0,0,yes
/russia/chehol-dlya-sidenja,STILL,0,0,0,yes
/russia/kozhuh-arki-ford-transit-peredniy-privod-odnoskatka,STILL,0,0,0,yes
/russia/otopitel-oc7,STILL,0,0,0,yes
/russia/podnozhka-zadnjaya,STILL,0,0,0,yes
/sidenja-dlya-microavtobusov/sidene-voditelya-city,last-slug,0,1,0,
/sidenja-dlya-microavtobusov/sidenje-bortovoe,last-slug,0,16,0,yes
/sidenja-i-komplektuyshie/31039797174.htm,STILL,0,0,0,yes
/sidenja-i-komplektuyshie/divany-dlya-mikroavtobusov/divan-rivera-dlya-mikroavtobusa,STILL,0,0,0,yes
/sidenja-i-komplektuyshie/komplektuyshie-dlya-sidenij/chehol-dlya-sidenja,STILL,0,0,0,yes
/sidenja-i-komplektuyshie/komplektuyshie-dlya-sidenij/nozhki-kreplenija-sidenja,last-slug,0,0,0,yes
/sidenja-i-komplektuyshie/lira,last-slug,0,0,0,yes
/sidenja-i-komplektuyshie/nozhki-parnogo-kreplenija-sidenij,last-slug,0,0,0,yes
/sidenja-i-komplektuyshie/nozhki-trojnogo-kreplenija-sidenij,last-slug,0,0,0,yes
/sidenja-i-komplektuyshie/opora-svizhnaya,last-slug,0,0,0,yes
/sidenja-i-komplektuyshie/opory-sidenij-dlya-mikroavtobusov/tumba-povorotnaya,STILL,0,0,0,yes
/sidenja-i-komplektuyshie/podgolovnik-na-lipuchkah-s-vishivkoj,last-slug,0,0,0,yes
/sidenja-i-komplektuyshie/podgolovnikj-na-lipuchkah,last-slug,0,0,0,yes
/sidenja-i-komplektuyshie/ruchka-kreplenija,last-slug,0,0,0,yes
/sidenja-i-komplektuyshie/setka-na-spinku-sidenja,last-slug,0,0,0,yes
/sidenja-i-komplektuyshie/sidenja-dlya-microavtobusov/sidenije-turisticheskoe-grl,STILL,0,0,0,yes
/sidenja-i-komplektuyshie/sidenje-gida,last-slug,0,0,0,yes
/sidenja-i-komplektuyshie/tkan-dlya-okleiki-salona-mikroavtobusa,last-slug,0,0,0,yes
/sidenja-i-komplektuyshie/tumba-povorotnaya,STILL,0,0,0,yes
/stekla/stekla-na-mercedes-sprinter-515-korotkaya-baza,last-slug,0,0,0,yes
/stekla/zamok-fortochki-mikroavtobusa,last-slug,0,1,0,
/stekla/zamok-fortochki-mikroavtobusa-1,last-slug,0,0,0,yes
/storki-dlya-mikroavtobusov/shtorki-na-citroen-jumper,last-slug,0,0,0,yes
/storki-dlya-mikroavtobusov/shtorki-na-ford-transit-2014,last-slug,0,0,0,yes
/storki-dlya-mikroavtobusov/shtorki-na-gazel-next-karkasnik,STILL,0,0,0,yes
/tkan-i-shtory/tkan-dlya-okleiki-salona-mikroavtobusa,last-slug,0,0,0,yes
/turkey/komfort-block-alis,STILL,0,0,0,yes
/turkey/komfort-block-man,STILL,0,0,0,yes
/turkey/kvadratnaya-odinochnaya-batareya,STILL,0,0,0,yes
/turkey/profil-svetodiodniy-3,STILL,0,0,0,yes
/turkey/profil-svetodiodniy-8,STILL,0,0,0,yes
/turkey/sidenije-turisticheskoe-grl,STILL,0,0,0,yes
/turkey/svetilnik-v-porog,STILL,0,0,0,yes
/webasto-2,STILL,0,0,0,yes
/wp-login.php,STILL,0,0,0,yes
