"url","lastAccess","title"
"https://bus-com.ru/hrom-paket?product_id=472","29.09.2026","Хром накладка на задние стопы - Mercedes Sprinter / Volkswagen Crafter"
"https://bus-com.ru/","26.09.2026","Баском. Комплектующие для микроавтобусов"
"https://bus-com.ru/index.php?route=product/search&search=Peugeot%20boxer","26.09.2026","Поиск - Peugeot boxer"
"https://bus-com.ru/index.php?route=product/search&search=Peugeot%20boxer%20%D1%88%D1%82%D0%BE%D1%80%D0%BA%D0%B0","26.09.2026","Поиск - Peugeot boxer шторка"
"https://bus-com.ru/index.php?route=product/search&search=Peugeot%20boxer%20%D1%88%D1%82%D0%BE%D1%80%D1%8B","26.09.2026","Поиск - Peugeot boxer шторы"
"https://bus-com.ru/shtorki-na-citroen-jumper","26.09.2026","Шторки на Citroen Jumper купить"
"https://bus-com.ru/cangovoe-kreplenie-sidushki","26.09.2026","Цанговое крепление сидушки купить"
"https://bus-com.ru/eko-kozha","26.09.2026","Эко-кожа для микроавтобуса"
"https://bus-com.ru/povorotnyj-mekhanizm-sideniya-usilennyj","26.09.2026","Поворотный механизм сидения усиленный купить"
"https://bus-com.ru/kronshtein-poruchnya-3","26.09.2026","Кронштейн для поручня, пол/потолок 2 точки крепления купить"
"https://bus-com.ru/sidenje-inturist-ekonom","26.09.2026","Сиденье Интурист купить"
"https://bus-com.ru/universalniy-blok-upravleniya","26.09.2026","Универсальный блок управления купить"
"https://bus-com.ru/detali-kuzova-mikroavtobusa/nakladka-na-zerkala-treugolnik","26.09.2026","Накладка на зеркала (треугольник) - Mercedes Sprinter / Volkswagen Crafter"
"https://bus-com.ru/russia/podgolovnik-na-lipuchkah-s-vishivkoj","26.09.2026","Подголовник на липучках с вышивкой купить"
"https://bus-com.ru/komplekt-lyuka-53x82","26.09.2026","Аварийно-вентиляционный люк со стеклянной крышкой (посадочный размер 530×820 мм), Турция купить"
"https://bus-com.ru/sidenja-i-komplektuyshie?product_id=261","26.09.2026","Товар не найден!"
"https://bus-com.ru/sidenja-i-komplektuyshie/podgolovnik-na-lipuchkah-s-vishivkoj","26.09.2026","Подголовник на липучках с вышивкой купить"
"https://bus-com.ru/paz/povorotnyj-mekhanizm-sideniya-usilennyj","26.09.2026","Поворотный механизм сидения усиленный купить"
"https://bus-com.ru/sidenja-i-komplektuyshie/remni-bezopasanosti?product_id=261","26.09.2026","Товар не найден!"
"https://bus-com.ru/stolik-novogo-obrazca-skladnoj-na-spinku-sidenya","26.09.2026","Столик нового образца на спинку сиденья купить"
"https://bus-com.ru/sidenja-i-komplektuyshie/opory-sidenij-dlya-mikroavtobusov/nozhki-parnogo-kreplenija-sidenij","26.09.2026","Ножки парного крепления сидений купить"
"https://bus-com.ru/opora-sobol","26.09.2026","Опора сиденья Соболь купить"
"https://bus-com.ru/sidenja-dlya-microavtobusov","26.09.2026","Сиденья для микроавтобусов"
"https://bus-com.ru/sidenje-inturist-lux","26.09.2026","Сиденье Интурист - Люкс купить"
"https://bus-com.ru/opora-svizhnaya","26.09.2026","Опора сдвижная сиденья Соболь купить"
"https://bus-com.ru/divan-s-peregorodkoi-analog-rivera","26.09.2026","Диван Тандем с перегородкой (аналог Ривьеры) купить"
"https://bus-com.ru/stolik-otkidnoi-dlya-mikroavtobusa","26.09.2026","Столик откидной от борта микроавтобуса купить"
"https://bus-com.ru/stekla-na-citroen-jumper-l4","26.09.2026","Купить стекла на Citroen Jumper L4"
"https://bus-com.ru/eko-kozha-premium","26.09.2026","Эко-кожа Премиум для микроавтобуса"
"https://bus-com.ru/podlokotnik-reguliruemiy","26.09.2026","Универсальный регулируемый складной подлокотник водителя купить"
"https://bus-com.ru/shtorki-na-ford-transit-2014","26.09.2026","Шторки на Ford Transit 2014 купить"
"https://bus-com.ru/electroprivod-sdvizhnoi-dveri-moko-turcia","26.09.2026","Электропривод сдвижной двери одномоторный Ford Transit (до 2014 г.в.), Турция купить"
"https://bus-com.ru/remen-bezopasnosti-2-staticheskiy","26.09.2026","Ремень безопасности двухточечный статический купить"
"https://bus-com.ru/shtorki-na-iveco-daily","26.09.2026","Шторки на IVECO Daily купить"
"https://bus-com.ru/index.php?route=information/sitemap","26.09.2026","Карта сайта"
"https://bus-com.ru/shtorki-dlya-mikroavtobusa","25.09.2026","Шторки для микроавтобуса купить"
"https://bus-com.ru/universalnye-salazki-dlya-reguliruemogo-peremeshcheniya-sidenij","25.09.2026","Универсальные салазки для регулируемого перемещения сидений купить"
"https://bus-com.ru/sidene-voditelya-city","25.09.2026","Сиденье водителя City купить"
"https://bus-com.ru/kronshtein-poruchnya-1","25.09.2026","Кронштейн для поручня (пол/потолок, 3 точки) купить"
"https://bus-com.ru/skladnoj-mechanism-sidenja","25.09.2026","Складной механизм сиденья купить"
"https://bus-com.ru/remen-bezopasnosti-3","25.09.2026","Ремень безопасности трехточечный инерционный купить"
"https://bus-com.ru/knopka-vyzova-voditelya","25.09.2026","Кнопка остановки автобуса, Кнопка «СТОП» ( «STOP») купить"
"https://bus-com.ru/sidene-voditelya-next-na-pruzhine","25.09.2026","Сиденье водителя Next на пружине купить"
"https://bus-com.ru/sidenja-dlya-microavtobusov/sidenje-avtolie-lux","25.09.2026","Автобусное сиденье Сиденье Автолайн Люкс купить"
"https://bus-com.ru/informacionnye-naklejki-v-mikroavtobus","25.09.2026","Информационные наклейки в микроавтобус, купить"
"https://bus-com.ru/uplotnitel-okonnyj-na-mercedes-benz-sprinter-classic-gazel-biznes-sobol-barguzin","25.09.2026","Армированный оконный уплотнитель купить"
"https://bus-com.ru/bokovaya-podnozhka-volkswagen-crafter-mercedes-benz-sprinter-1","25.09.2026","Подножка боковая для микроавтобуса купить"
"https://bus-com.ru/nakladka-na-zerkala","25.09.2026","Накладка на зеркала - Mercedes Sprinter / Volkswagen Crafter купить"
"https://bus-com.ru/","25.09.2026","Баском. Комплектующие для микроавтобусов"
"https://bus-com.ru/tkan-dlya-okleiki-salona-mikroavtobusa","25.09.2026","Ткань алкала купить"
"https://bus-com.ru/ehlektroprivod-sdvizhnoj-dveri-dvuhmotornyj-mersedes-sprinter-volkswagen-crafter-kuzov-w906-c-2006-po-2018g-v-gazel-next-iveso-daily-mercedes-sprinter-slassic-turciya","25.09.2026","Электропривод сдвижной двери двухмоторный Mеrсеdеs Sprintеr, Volkswаgen Crаfter (кузoв W906 c 2006 по 2018г.в.), ГАЗeль NEXT, Iveсо Daily, Мercеdеs Sprinter Сlassic, Турция купить"
"https://bus-com.ru/sidenje-sobol-komfort","25.09.2026","Сиденье водительское купить"
"https://bus-com.ru/stekla-na-ford-transit-lwb","25.09.2026","Купить стекла на Форд LWB"
"https://bus-com.ru/bokovaya-podnozhka-ford-transit-2006-2014gg","25.09.2026","Подножка боковая для микроавтобуса купить"
"https://bus-com.ru/shtorki-mercedes-sprinter-classic","25.09.2026","Шторки на Mercedes Sprinter Classic купить"
"https://bus-com.ru/remni-bezopasanosti","25.09.2026","Автобусные ремни безопасности купить"
"https://bus-com.ru/stekla-na-ford-transit-jumbo","25.09.2026","Купить стекла на Форд Транзит Джамбо"
"https://bus-com.ru/remen-bezopasnosti-2","25.09.2026","Ремень безопасности двухточечный инерционный купить"
"https://bus-com.ru/stekla-na-ford-transit-swb","25.09.2026","Купить стекла на Форд SWB"
"https://bus-com.ru/komplektuyshie-dlya-sidenij/tumba-povorotnaya","25.09.2026","Товар не найден!"
"https://bus-com.ru/osveshenie?page=2","25.09.2026","Освещение в салон микроавтобуса купить"
"https://bus-com.ru/obivka-salona","25.09.2026","Детали обивки для автобусов"
"https://bus-com.ru/privacy","25.09.2026","privacy"
"https://bus-com.ru/vozduhoraspredelitel-v-salon-mikroavtobusa","25.09.2026","Воздухораспределитель в салон микроавтобуса купить"
"https://bus-com.ru/turkey?page=2","25.09.2026","Турция"
"https://bus-com.ru/katushka-retraktor","25.09.2026","Катушка - ретрактор для фиксации инвалидной коляски"
"https://bus-com.ru/podgolovnikj-na-lipuchkah","25.09.2026","Подголовник на липучках для сиденья автобуса купить"
"https://bus-com.ru/sidenje-avtolie-lux","25.09.2026","Автобусное сиденье Сиденье Автолайн Люкс купить"
"https://bus-com.ru/sidenje-barguzin","25.09.2026","Сиденье пассажира одноместное Соболь NN  купить"
"https://bus-com.ru/sidenja-i-komplektuyshie/komplektuyshie-dlya-sidenij?product_id=474","25.09.2026","Поворотный механизм сидения усиленный купить"
"https://bus-com.ru/osveshenie","25.09.2026","Освещение в салон микроавтобуса купить"
"https://bus-com.ru/navesnoi-bagazhnik-gazel-next","25.09.2026","Багажник на задние двери (рюкзак) на Газель Next купить"
"https://bus-com.ru/nakladka-na-porogi","25.09.2026","Накладка на пороги - Mercedes Sprinter / Volkswagen Crafter купить"
"https://bus-com.ru/index.php?route=payment/sbrf_online/sbrf_online_success","25.09.2026","Ваш заказ сформирован!"
"https://bus-com.ru/polki-turist","25.09.2026","Полки Туристические"
"https://bus-com.ru/moldingi","25.09.2026","Молдинги - Mercedes Sprinter / Volkswagen Crafter купить"
"https://bus-com.ru/opory-sidenij-dlya-mikroavtobusov/tumba-povorotnaya","25.09.2026","Товар не найден!"
"https://bus-com.ru/bokovaya-podnozhka-volkswagen-crafter-2017","25.09.2026","Подножка боковая для микроавтобуса купить"
"https://bus-com.ru/stekla-na-ford-transit-2014","25.09.2026","Купить стекла на Форд Транзит  2014"
"https://bus-com.ru/nakladki-na-radiator-3","25.09.2026","Накладка на радиатор - Mercedes Sprinter 515 ""рестайлинг"" купить"
"https://bus-com.ru/index.php?route=product/product&product_id=470","25.09.2026","Багажник на задние двери (рюкзак) на Ford Transit"
"https://bus-com.ru/detali-kuzova-mikroavtobusa/stekla/zamok-fortochki-mikroavtobusa-1","25.09.2026","Замок (защелка) форточки микроавтобуса 1"
"https://bus-com.ru/paz/shtorki-dlya-mikroavtobusa","25.09.2026","Шторки для микроавтобуса купить"
"https://bus-com.ru/russia?page=8","25.09.2026","Россия"
"https://bus-com.ru/termo-shumoizolyaciya-dlya-mikroavtobusa-izolon-8mm","25.09.2026","Термо-шумоизоляция для микроавтобуса Изолон 8мм купить"
"https://bus-com.ru/kozhuh-arki-mikroavtobusa","25.09.2026","Кожух арки в салон микроавтобуса купить"
"https://bus-com.ru/lampa-kapelka","25.09.2026","Лампа Капелька для микроавтобуса купить"
"https://bus-com.ru/kreslo-lux-pulman","25.09.2026","Кресло Люкс (аналог Пульман) купить"
"https://bus-com.ru/stekla-na-citroen-jumper-l3","25.09.2026","Купить стекла на Citroen Jumper L3"
"https://bus-com.ru/profil-svetodiodniy-4","25.09.2026","Профиль светодиодный 4 для микроавтобуса"
"https://bus-com.ru/electrooborudovanie-mikroavtobusa","25.09.2026","Электрооборудование микроавтобуса купить"
"https://bus-com.ru/obshivka-salona-citroen-jumper-peugeot-boxer-fiat-ducato","25.09.2026","Обшивка салона Citroen Jumper / Peugeot Boxer / Fiat Ducato"
"https://bus-com.ru/komfort-block-aura-eco","25.09.2026","Комфорт блок для микроавтобуса AURA ECO купить"
"https://bus-com.ru/stekla-na-mercedes-sprinter-411-korotkaya-baza","25.09.2026","Купить стекла на Мерседес Спринтер Классик (короткая база)"
"https://bus-com.ru/stolik-na-spinku","25.09.2026","Столик на спинку сиденья купить"
"https://bus-com.ru/komfort-bloki","25.09.2026","Комфорт блоки для микроавтобуса купить"
"https://bus-com.ru/detali-salona/detali-pola/zaglushka-rezinovaya-v-relsy-salazki-sidenij","25.09.2026","Заглушка резиновая в рельсы (салазки) сидений купить"
"https://bus-com.ru/sidenja-i-komplektuyshie/opory-sidenij-dlya-mikroavtobusov/nozhki-trojnogo-kreplenija-sidenij","25.09.2026","Ножки тройного крепления сидений купить"
"https://bus-com.ru/stekla-na-gazel-next-metal-srednyaa-baza","25.09.2026","Стекла на Газель Next цельнометаллический (средняя база)"
"https://bus-com.ru/podlokotnik-reguliruemiy-turkey-2","25.09.2026","Подлокотник регулируемый Турция купить"
"https://bus-com.ru/vozdushniy-otopitel-planar-osa-9000","25.09.2026","Воздушный отопитель ОСА - 9000 (9 кВт 12V) купить"
"https://bus-com.ru/poruchni","25.09.2026","Поручни для автобусов"
"https://bus-com.ru/zamok-fortochki-mikroavtobusa-1","25.09.2026","Замок (защелка) форточки микроавтобуса 1"
"https://bus-com.ru/paz/sidenje-avtolie-lux","25.09.2026","Автобусное сиденье Сиденье Автолайн Люкс купить"
"https://bus-com.ru/detali-salona/tkan-i-shtory/tkan-dlya-okleiki-salona-mikroavtobusa","25.09.2026","Ткань алкала купить"
"https://bus-com.ru/nakladka-na-luchok-benzobaka","25.09.2026","Накладка на лючок бензобака - Mercedes Sprinter / Volkswagen Crafter купить"
"https://bus-com.ru/stekla-na-iveco-daily","25.09.2026","Купить стекла на Ивеко Дэйли"
"https://bus-com.ru/sidenje-gida","25.09.2026","Сиденье Гида купить"
"https://bus-com.ru/vozduhovody-odinarnie","25.09.2026","Воздуховоды одинарные купить"
"https://bus-com.ru/komplektuyushchie-stekol","25.09.2026","Комплектующие для стекол микроавтобусов"
"https://bus-com.ru/stekla-na-volkswagen-crafter-korotkaya-baza","25.09.2026","Купить Молоточек для стекла в микроавтобус"
"https://bus-com.ru/komplektuyshie-dlya-sidenij?product_id=474","25.09.2026","Поворотный механизм сидения усиленный купить"
"https://bus-com.ru/stekla-na-peugeot-boxer-l4","25.09.2026","Купить стекла на Пежо Боксер L4"
"https://bus-com.ru/stekla-na-volkswagen-crafter-2017-swb","25.09.2026","Купить cтекла на Volkwagen Crafter 2017 SWB"
"https://bus-com.ru/zamok-fortochki-stf4","25.09.2026","Замок (защелка) форточки микроавтобуса 1"
"https://bus-com.ru/nozhki-trojnogo-kreplenija-sidenij","25.09.2026","Ножки тройного крепления сидений купить"
"https://bus-com.ru/tumba-povorotnaya-usilennaya","25.09.2026","Поворотная тумба для сиденья усиленная купить"
"https://bus-com.ru/stekla-na-mercedes-sprinter-411-dlinniy-sves","25.09.2026","Купить стекла на Мерседес Спринтер Классик (длинная база, удлиненный свес)"
"https://bus-com.ru/paz","25.09.2026","Комплектующие для автобусов ПАЗ купить"
"https://bus-com.ru/uplotnitel-okonniy-uzkiy","25.09.2026","Уплотнитель оконный на Ford Transit / Fiat Ducato / Peugeot Boxer / Citroen Jumper купить"
"https://bus-com.ru/ehlektroprivod-sdvizhnoj-dveri-dvuhmotornyj-fiat-dusato-peugeot-boxer-sitroen-jumrer-turciya","25.09.2026","Электропривод сдвижной двери двухмоторный FIAT Duсato , Pеugeot Bоxеr , Сitroen Jumрer, Турция купить"
"https://bus-com.ru/divan-raskladnoj-na-gazel-gazon","25.09.2026","Диван раскладной на Газель / Газон купить"
"https://bus-com.ru/kronshtein-poruchnya-6","25.09.2026","Кронштейн для поручня боротовой купить"
"https://bus-com.ru/bokovaya-podnozhka-gazel-next-gazel-nn","25.09.2026","Подножка боковая для микроавтобуса купить"
"https://bus-com.ru/zerkalo-zadnego-vida-salonnoe","25.09.2026","Зеркало заднего вида салонное купить"
"https://bus-com.ru/bokovaya-podnozhka-ford-transit-2015g","25.09.2026","Подножка боковая для микроавтобуса купить"
"https://bus-com.ru/kronshtein-poruchnya-5","25.09.2026","Кронштейн для поручня потолочный (начало) купить"
"https://bus-com.ru/stekla","25.09.2026","Стекла для микроавтобусов"
"https://bus-com.ru/lampa-millenium","25.09.2026","Лампа Миллениум для микроавтобуса купить"
"https://bus-com.ru/bagazhnik-navesnoi-sprinter-515-volkswagen-crafter","25.09.2026","Багажник на задние двери (рюкзак) на Mercedes Sprinter 515 / Volkswagen Crafter купить"
"https://bus-com.ru/zamok-fortochki-mikroavtobusa","25.09.2026","Замок (защелка) форточки микроавтобуса STF2"
"https://bus-com.ru/poruchen-potolka","25.09.2026","Поручень прямой купить"
"https://bus-com.ru/divan-analog-rivera","25.09.2026","Диван Премиум с рельсами для микроавтобуса (аналог Ривьеры) купить"
"https://bus-com.ru/steklo-590h880mm-dlya-lyuka-530h820mm","25.09.2026","Стекло люка 590х880мм для люка 530х820мм купить"
"https://bus-com.ru/sidenja-i-komplektuyshie","25.09.2026","Сиденья и комплектующие"
"https://bus-com.ru/nakladka-podnozhki","25.09.2026","Подножка боковая для микроавтобуса купить"
"https://bus-com.ru/stekla-na-peugeot-boxer-l3","25.09.2026","Купить стекла на Peugeot Boxer L3"
"https://bus-com.ru/bagazhnik-navesnoi-sprinter-classic","25.09.2026","Багажник на задние двери (рюкзак) на Mercedes Sprinter Classic купить"
"https://bus-com.ru/podlokotnik-turisticheskij-1","25.09.2026","Складные подлокотники для пассажирских туристических сидений в микроавтобусы и фургоны купить"
"https://bus-com.ru/shtorki-na-peugeot-boxer","25.09.2026","Шторки на Peugeot Boxer купить"
"https://bus-com.ru/podium-dlya-katafalka-vydvizhnoy","25.09.2026","Подиум для катафалка выдвижной купить"
"https://bus-com.ru/napravlyayushchie-shtorok","25.09.2026","Направляющие шторок купить"
"https://bus-com.ru/relsy-kreplenija","25.09.2026","Рельсы (салазки) крепления в пол для сидений с быстросъемным механизмом купить"
"https://bus-com.ru/index.php?route=product/search&search=%D1%81%D1%82%D0%B5%D0%BA%D0%BB%D0%BE%20%D0%BB%D1%8E%D0%BA%D0%B0","25.09.2026","Поиск - стекло люка"
"https://bus-com.ru/shtorki-na-fiat-ducato","25.09.2026","Шторки на Fiat Ducato купить"
"https://bus-com.ru/termo-shumoizolyaciya-dlya-mikroavtobusa-izolon-10mm","25.09.2026","Термо-шумоизоляция для микроавтобуса Изолон 10мм купить"
"https://bus-com.ru/shtorki-na-mercedes-sprinter","25.09.2026","Шторки на Mercedes Sprinter купить"
"https://bus-com.ru/kronshtein-poruchnya-2","25.09.2026","Кронштейн для поручня (Т-образное крепление) купить"
"https://bus-com.ru/electroprivod-sdvizhnoi-dveri-dvuhmotorniy-turcia","25.09.2026","Электропривод сдвижной двери двухмоторный Ford Transit (2015 г.в. — настоящее время), Турция купить"
"https://bus-com.ru/bokovaya-podnozhka-volkswagen-crafter-mercedes-benz-sprinter","25.09.2026","Подножка боковая для микроавтобуса купить"
"https://bus-com.ru/opora-kreplenie-passazhirskogo-sidenya-gazel-fermer-sdvizhnaya","25.09.2026","Опора (крепление) пассажирского сиденья Газель сдвижная купить"
"https://bus-com.ru/luk-na-mikroavtobus-50-50","25.09.2026","Комплект люка, Турция (50x50) купить"
"https://bus-com.ru/podnozhka-bokovaya","25.09.2026","Подножка боковая для микроавтобуса купить"
"https://bus-com.ru/avarijno-ventilyacionnyj-lyuk-so-steklyannoj-kryshkoj-posadochnyj-razmer-530-820-mm-rossiya","25.09.2026","Аварийно-вентиляционный люк со стеклянной крышкой (посадочный размер 530×820 мм), Россия купить"
"https://bus-com.ru/komplekt-lyuka-60x75","25.09.2026","Комплект люка купить"
"https://bus-com.ru/komplekt-luka-turcia","25.09.2026","Комплект люка, Турция купить"
"https://bus-com.ru/bokovaya-podnozhka-gazel-next-gazel-nn-1","25.09.2026","Подножка задняя для микроавтобуса купить"
"https://bus-com.ru/shtorki-dlya-mikroavtobusa-poshtuchno","25.09.2026","Шторки для микроавтобуса (поштучно) купить"
"https://bus-com.ru/shtorki-na-gazel-next-19","25.09.2026","Шторки на Газель Next (цельнометаллический) 19 мест купить"
"https://bus-com.ru/komplekt-lljuka-maliy-radius","25.09.2026","Аварийно-вентиляционный люк Ford Transit 580 × 780 мм купить"
"https://bus-com.ru/sidenje-antivandalnoe","25.09.2026","Сиденье Антивандальное купить"
"https://bus-com.ru/podgolovnik-na-lipuchkah-s-vishivkoj","25.09.2026","Подголовник на липучках с вышивкой купить"
"https://bus-com.ru/nakladki-na-zerkala-plastik","25.09.2026","Накладка на зеркала (пластик) - Mercedes Sprinter / Volkswagen Crafter купить"
"https://bus-com.ru/passazhirskoe-sidene-lyuks-kategorii-m1","25.09.2026","Пассажирское сиденье люкс категории M1"
"https://bus-com.ru/ugolokj-dlya-podiuma","25.09.2026","Уголок для подиума с резиновой вставкой купить"
"https://bus-com.ru/plafon-svetodiodniy-s-knopkoi","24.09.2026","Плафон освещения светодиодный с кнопкой купить"
"https://bus-com.ru/stekla-na-ford-transit-mvb","24.09.2026","Купить стекла на Форд MWB"
"https://bus-com.ru/index.php?route=product/product&product_id=351","24.09.2026","Подиум по всей длине салона купить"
"https://bus-com.ru/linoleum-antiskolzyashiy-transportniy","24.09.2026","Линолеум антискользящий транспортный с крошкой купить"
"https://bus-com.ru/nakladki-na-radiator-2","24.09.2026","Накладка на радиатор - Mercedes Sprinter 515 новый кузов купить"
"https://bus-com.ru/divany-dlya-mikroavtobusov","24.09.2026","Диваны для микроавтобусов купить"
"https://bus-com.ru/stolik-s-elektroprivodom-dlya-mikroavtobusa","24.09.2026","Столик с электроприводом для микроавтобуса купить"
"https://bus-com.ru/sidenje-bortovoe","24.09.2026","Сиденье Бортовое в автобус купить"
"https://bus-com.ru/opory-sidenij-dlya-mikroavtobusov/nozhki-kreplenija-sidenja","24.09.2026","Ножки крепления сиденья купить"
"https://bus-com.ru/opory-sidenij-dlya-mikroavtobusov","24.09.2026","Опоры сидений для микроавтобусов"
"https://bus-com.ru/remen-zadnih-dverei-avtobusa","24.09.2026","Ремень задних дверей автобуса купить"
"https://bus-com.ru/uplotnitel-fortochki","24.09.2026","Наружный вертикальный уплотнитель для сдвижной форточки купить"
"https://bus-com.ru/otopiteli","24.09.2026","Отопители для автобусов"
"https://bus-com.ru/sidenja-dlya-microavtobusov/sidenje-bortovoe","24.09.2026","Сиденье Бортовое в автобус купить"
"https://bus-com.ru/shtorki-na-gazel-next-cmf","24.09.2026","Шторки на Газель Next (цельнометаллический) купить"
"https://bus-com.ru/stekla-na-peugeot-boxer-l2","24.09.2026","Купить стекла на Peugeot Boxer L2"
"https://bus-com.ru/dekorativnaya-i-zashchitnaya-nakladka-na-ruchku-sdvizhnoj-dveri-mikroavtobusa","24.09.2026","Декоративная и защитная накладка на ручку сдвижной двери микроавтобуса, купить"
"https://bus-com.ru/turkey","24.09.2026","Турция"
"https://bus-com.ru/sidenja-i-komplektuyshie/komplektuyshie-dlya-sidenij/povorotnyj-mekhanizm-sideniya-usilennyj","24.09.2026","Поворотный механизм сидения усиленный купить"
"https://bus-com.ru/sidenja-i-komplektuyshie/komplektuyshie-dlya-sidenij?page=2","24.09.2026","Комплектующие для сидений"
"https://bus-com.ru/index.php?route=checkout/success","24.09.2026","Ваш заказ принят!"
"https://bus-com.ru/stekla-na-fiat-ducato-l3","24.09.2026","Купить стекла на Fiat Ducato L3"
"https://bus-com.ru/stekla-na-fiat-ducato-l4","24.09.2026","Купить стекла на Фиат Дукато L4"
"https://bus-com.ru/stekla-na-citroen-jumper-l2","24.09.2026","Купить стекла на Citroen Jumper L2"
"https://bus-com.ru/zaglushka-rezinovaya-v-relsy-salazki-sidenij","24.09.2026","Заглушка резиновая в рельсы (салазки) сидений купить"
"https://bus-com.ru/detali-salona/storki-dlya-mikroavtobusov?page=2","24.09.2026","Шторки для микроавтобусов купить"
"https://bus-com.ru/index.php?route=product/search&search=%D0%97%D0%B0%D0%BC%D0%BE%D0%BA%20%D1%84%D0%BE%D1%80%D1%82%D0%BE%D1%87%D0%BA%D0%B8%20STF5","24.09.2026","Поиск - Замок форточки STF5"
"https://bus-com.ru/index.php?route=product/search&search=%D0%97%D0%B0%D0%BC%D0%BE%D0%BA%20%D1%84%D0%BE%D1%80%D1%82%D0%BE%D1%87%D0%BA%D0%B8%20STF6","24.09.2026","Поиск - Замок форточки STF6"
"https://bus-com.ru/stekla-na-gazel-next-cmf-dlinnaya-baza","24.09.2026","Купить cтекла на Газель Next цельнометаллический (длинная база)"
"https://bus-com.ru/zamok-fortochki-mikroavtobusa-3","24.09.2026","Замок (защелка) форточки микроавтобуса STF3"
"https://bus-com.ru/bagazhnik-rykzak-mercedes-sprinter-907","24.09.2026","Багажник на задние двери (рюкзак) на Mercedes Sprinter 907"
"https://bus-com.ru/stekla-na-volkswagen-crafter-dlinnaja-baza","24.09.2026","Купить стекла на Фольксваген Крафтер (длинная база)"
"https://bus-com.ru/ruchka-kreplenija","24.09.2026","Ручка на спинку сиденья купить"
"https://bus-com.ru/setka-na-spinku-sidenja","24.09.2026","Сетка на спинку сиденья купить"
"https://bus-com.ru/detali-salona","24.09.2026","Полки, обивка, шторы и прочее."
"https://bus-com.ru/podlokotnik-reguliruemiy-2","24.09.2026","Подлокотник регулируемый купить"
"https://bus-com.ru/nakladka-na-zerkala-treugolnik","23.09.2026","Накладка на зеркала (треугольник) - Mercedes Sprinter / Volkswagen Crafter"
"https://bus-com.ru/nakladka-na-nomer-s-nadpisju","23.09.2026","Задний номер с надписью - Mercedes Sprinter / Volkswagen Crafter купить"
"https://bus-com.ru/hrom-paket","23.09.2026","Хром-пакет для микроавтобусов купить"
"https://bus-com.ru/konidicionery-i-otopiteli-dlya-mikroavtobusa/luk-na-mikroavtobus-50-50","23.09.2026","Комплект люка, Турция (50x50) купить"
"https://bus-com.ru/nakladki-na-radiator-1","23.09.2026","Накладка на радиатор - Mercedes Sprinter / Volkswagen Crafter купить"
"https://bus-com.ru/detali-kuzova-mikroavtobusa/hrom-paket/nakladki-na-radiator-1","23.09.2026","Накладка на радиатор - Mercedes Sprinter / Volkswagen Crafter купить"
"https://bus-com.ru/index.php?route=product/product&product_id=238","23.09.2026","Полки для микроавтобуса Турист - Турция купить"
"https://bus-com.ru/konidicionery-i-otopiteli-dlya-mikroavtobusa","23.09.2026","Кондиционеры и отопители для микроавтобуса"
"https://bus-com.ru/detali-salona/osveshenie/profil-svetodiodniy-10","23.09.2026","Профиль светодиодный 10 для микроавтобуса"
"https://bus-com.ru/oplata-dostavka","23.09.2026","Баском. Оплата и доставка"
"https://bus-com.ru/pereoborudovanie-mikroavtobusov/","23.09.2026","Переоборудование микроавтобусов"
"https://bus-com.ru/profil-svetodiodniy-10","23.09.2026","Профиль светодиодный 10 для микроавтобуса"
"https://bus-com.ru/profil-svetodiodniy-5","23.09.2026","Профиль светодиодный 5 для микроавтобуса"
"https://bus-com.ru/polki-dlya-mikroavtobusa-turist-lux","23.09.2026","Полки для микроавтобуса Турист - Люкс купить"
"https://bus-com.ru/m1-seat","23.09.2026","Сиденье водителя купить"
"https://bus-com.ru/nozhki-kreplenija-sidenja","23.09.2026","Ножки крепления сиденья купить"
"https://bus-com.ru/nozhki-parnogo-kreplenija-sidenij","23.09.2026","Ножки парного крепления сидений купить"
"https://bus-com.ru/podlokotnik-turisticheskij","23.09.2026","Подлокотник регулируемый Россия купить"
"https://bus-com.ru/opora-gida-lux","23.09.2026","Складная опора сиденья гида  купить"
"https://bus-com.ru/podlokotnik-pryamoi","23.09.2026","Подлокотник прямой Россия купить"
"https://bus-com.ru/elektroprivod-sdvizhnoi-dveri-kroko","23.09.2026","Электропривод сдвижной двери ""Кроко"" купить"
"https://bus-com.ru/elektroprivod-sdvizhnoi-dveri-kroko?search=EP01","23.09.2026","Электропривод сдвижной двери ""Кроко"" купить"
"https://bus-com.ru/index.php?route=checkout/simplecheckout","23.09.2026","Оформление заказа"
"https://bus-com.ru/paz/nozhki-parnogo-kreplenija-sidenij","23.09.2026","Ножки парного крепления сидений купить"
"https://bus-com.ru/uplotnitel-okonniy-mercedes-sprinter","23.09.2026","Уплотнитель оконный на Mercedes Sprinter / Volkswagen Crafter купить"
"https://bus-com.ru/profil-svetodiodniy-12","23.09.2026","Профиль светодиодный на подиум микроавтобуса купить"
"https://bus-com.ru/bagazhniki-dlya-mikroavtobusa","23.09.2026","Багажники для микроавтобусов купить"
"https://bus-com.ru/shtorki-na-volkswagen-crafter","23.09.2026","Шторки на Volkswagen Crafter купить"
"https://bus-com.ru/plafon-osvesheniya-svetodiodniy","23.09.2026","Плафон освещения светодиодный купить"
"https://bus-com.ru/polki-dlya-mikroavtobusa-turist-russia","23.09.2026","Полки Турист - Россия купить"
"https://bus-com.ru/shtorki-na-citroen-jumpy","23.09.2026","Шторки на Citroen Jumpy купить"
"https://bus-com.ru/stekla-na-volkswagen-crafter-2017-lwb","23.09.2026","Стекла на Volkswagen Crafter 2017 LWB"
"https://bus-com.ru/stekla-na-mercedes-sprinter-515-dlinnaya-baza","23.09.2026","Купить стекла на Мерседес Спринтер 515 (длинная база)"
"https://bus-com.ru/kontakty","23.09.2026","Контакты. Баском"
"https://bus-com.ru/stekla-na-mercedes-sprinter-classic-411-dlinnaya-baza","23.09.2026","Купить стекла на Мерседес Спринтер Классик (длинная база)"
"https://bus-com.ru/lira","23.09.2026","Лира (крепление сидушки) купить"
"https://bus-com.ru/shtorki-na-ford-transit-do-2014","23.09.2026","Шторки на Ford Transit до 2014 купить"
"https://bus-com.ru/index.php?route=product/search","23.09.2026","Поиск"
"https://bus-com.ru/index.php?route=product/special","23.09.2026","Акции"
"https://bus-com.ru/izolyaciya-izolon-500-folgirovannyj-4mm","22.09.2026","Изоляция Изолон 500 фольгированный 4мм купить"
"https://bus-com.ru/termo-shumoizolyaciya-dlya-mikroavtobusa-izolon-4mm","22.09.2026","Термо-шумоизоляция для микроавтобуса Изолон 4мм купить"
"https://bus-com.ru/obshivka-salona-ford-transit","22.09.2026","Обшивка салона "
"https://bus-com.ru/polki","22.09.2026","Полки для микроавтобусов."
"https://bus-com.ru/eko-kozha-komfort","22.09.2026","Эко-кожа (комфорт) для микроавтобуса"
"https://bus-com.ru/podlokotnik-nereguliruemiy","22.09.2026","Складной подлокотник  сиденья купить"
"https://bus-com.ru/armirovannyj-okonnyj-uplotnitel-dlya-avarijno-ventilyacionnogo-lyuka","22.09.2026","Армированный оконный уплотнитель для аварийно-вентиляционного люка купить"
"https://bus-com.ru/podnozhki","22.09.2026","Подножки для автобусов"
"https://bus-com.ru/intap","22.09.2026","Intap (Польша)"
"https://bus-com.ru/fvu","22.09.2026","ФВУ (Фильтро-вентиляционная установка) для микроавтобусов"
"https://bus-com.ru/pereoborudovanie-mikroavtobusa","22.09.2026","Калькулятор переоборудования"
"https://bus-com.ru/kronshtein-poruchnya-4","22.09.2026","Кронштейн для поручня потолочный (середина) купить"
"https://bus-com.ru/profil-svetodiodniy-2","22.09.2026","Профиль светодиодный 2 для микроавтобуса"
"https://bus-com.ru/storki-dlya-mikroavtobusov","22.09.2026","Шторки для микроавтобусов купить"
"https://bus-com.ru/index.php?route=checkout/cart","22.09.2026","Корзина"
"https://bus-com.ru/detali-kuzova-mikroavtobusa/stekla-na-mercedes-sprinter-515-korotkaya-baza","22.09.2026","Купить стекла на Мерседес Спринтер 515 (короткая база)"
"https://bus-com.ru/ljuki","22.09.2026","Люки для автобусов"
"https://bus-com.ru/zaglushki-pukli","21.09.2026","Заглушки для саморезов (пукли) в салон микроавтобуса купить"
"https://bus-com.ru/stekla?page=2","21.09.2026","Стекла для микроавтобусов"
"https://bus-com.ru/komplektuyshie-dlya-sidenij","21.09.2026","Комплектующие для сидений"
"https://bus-com.ru/detali-kuzova-mikroavtobusa","21.09.2026","Детали кузова микроавтобуса"
"https://bus-com.ru/russia/lira?page=3","21.09.2026","Лира (крепление сидушки) купить"
"https://bus-com.ru/klei-dlya-tkani-v-salon-mikroavtobusa-10l","21.09.2026","Клей для ткани в салон микроавтобуса купить 10 кг"
"https://bus-com.ru/otopitel-oc7","21.09.2026","Товар не найден!"
"https://bus-com.ru/stekla-na-fiat-ducato-l2","21.09.2026","Купить стекла на Fiat Ducato L2"
"https://bus-com.ru/naklada-na-zadnie-stopi","20.09.2026","Хром накладка на задние стопы - Mercedes Sprinter Classic"
"https://bus-com.ru/stekla-na-mercedes-sprinter-515-korotkaya-baza","20.09.2026","Купить стекла на Мерседес Спринтер 515 (короткая база)"
"https://bus-com.ru/stekla-na-gazel-next-cmf-korotkaya-baza","20.09.2026","Стекла на Газель Next цельнометаллический (короткая база)"
"https://bus-com.ru/profil-svetodiodniy-6","20.09.2026","Профиль светодиодный 6 для микроавтобуса"
"https://bus-com.ru/detali-kuzova-mikroavtobusa/bampery","20.09.2026","Категория не найдена!"
"https://bus-com.ru/gaz","20.09.2026","ГАЗ"
"https://bus-com.ru/detali-kuzova-mikroavtobusa/hrom-paket/naklada-na-zadnie-stopi","20.09.2026","Хром накладка на задние стопы - Mercedes Sprinter Classic"
"https://bus-com.ru/index.php?route=product/search&search=%D0%9D%D0%B0%D0%BA%D0%BB%D0%B0%D0%B4%D0%BA%D0%B8%20%D1%83%D0%B3%D0%BE%D0%BB%D0%BA%D0%B8%20%D0%B4%D0%BB%D1%8F%20%D0%B1%D0%BE%D0%BA%D0%BE%D0%B2%D0%BE%D0%B9%20%D0%BF%D0%BE%D0%B4%D0%BD%D0%BE%D0%B6%D0%BA%D0%B8%20%D0%BC%D0%B8%D0%BA%D1%80%D0%BE%D0%B0%D0%B2%D1%82%D0%BE%D0%B1%D1%83%D1%81%D0%B0","19.09.2026","Поиск - Накладки уголки для боковой подножки микроавтобуса"
"https://bus-com.ru/index.php?route=account/login","19.09.2026","Логин"
"https://bus-com.ru/index.php?route=product/product&product_id=370","19.09.2026","Оклейка бортов, потолка и оконных проемов эко-кожей"
"https://bus-com.ru/molotochek-dlya-stekla-v-mikroavtobus-2","19.09.2026","Купить Молоточек для стекла в микроавтобус"
"https://bus-com.ru/podnozhki/podnozhka-zadnjaya","19.09.2026","Товар не найден!"
"https://bus-com.ru/index.php?route=product/product&product_id=422","19.09.2026","Установка сиденья для микроавтобусов"
"https://bus-com.ru/podium-treugolnyj","19.09.2026","Подиум треугольный"
"https://bus-com.ru/pereoborudovanie-mikroavtobus","19.09.2026","Переоборудование микроавтобусов"
"https://bus-com.ru/index.php?route=product/product&product_id=372","19.09.2026","Установка/врезка стекол"
"https://bus-com.ru/electrooborudovanie-mikroavtobusa/universalniy-blok-upravleniya","19.09.2026","Универсальный блок управления купить"
"https://bus-com.ru/osveshenie/lampa-kapelka","19.09.2026","Лампа Капелька для микроавтобуса купить"
"https://bus-com.ru/sidenja-i-komplektuyshie/komplektuyshie-dlya-sidenij/eko-kozha","19.09.2026","Эко-кожа для микроавтобуса"
"https://bus-com.ru/index.php?route=product/search&search=%D0%A3%D0%BF%D0%BB%D0%BE%D1%82%D0%BD%D0%B8%D1%82%D0%B5%D0%BB%D1%8C%20%D1%84%D0%BE%D1%80%D1%82%D0%BE%D1%87%D0%BA%D0%B8%20%D0%A4%D0%B8%D0%B0%D1%82%20%D0%94%D1%83%D0%BA%D0%B0%D1%82%D0%BE","19.09.2026","Поиск - Уплотнитель форточки Фиат Дукато"
"https://bus-com.ru/detali-kuzova-mikroavtobusa/stekla/stekla-na-iveco-daily","19.09.2026","Купить стекла на Ивеко Дэйли"
"https://bus-com.ru/sidenja-i-komplektuyshie/tkan-dlya-okleiki-salona-mikroavtobusa","19.09.2026","Ткань алкала купить"
"https://bus-com.ru/detali-kuzova-mikroavtobusa/podnozhki/podnozhka-zadnjaya","19.09.2026","Товар не найден!"
"https://bus-com.ru/opory-sidenij-dlya-mikroavtobusov?product_id=474","19.09.2026","Поворотный механизм сидения усиленный купить"
"https://bus-com.ru/6500","19.09.2026","Установка шторок"
"https://bus-com.ru/detali-kuzova-mikroavtobusa/stekla/stekla-na-volkswagen-crafter-korotkaya-baza","19.09.2026","Купить Молоточек для стекла в микроавтобус"
"https://bus-com.ru/sidenja-i-komplektuyshie/divany-dlya-mikroavtobusov/divan-rivera-dlya-mikroavtobusa","19.09.2026","Товар не найден!"
"https://bus-com.ru/index.php?route=product/search&search=%D0%9A%D1%80%D0%BE%D0%BD%D1%88%D1%82%D0%B5%D0%B9%D0%BD%20%D0%B4%D0%BB%D1%8F%20%D0%BF%D0%BE%D1%80%D1%83%D1%87%D0%BD%D1%8F","19.09.2026","Поиск - Кронштейн для поручня"
"https://bus-com.ru/sidenja-i-komplektuyshie/tumba-povorotnaya","19.09.2026","Товар не найден!"
"https://bus-com.ru/detali-kuzova-mikroavtobusa/hrom-paket/nakladka-na-zerkala-treugolnik","19.09.2026","Накладка на зеркала (треугольник) - Mercedes Sprinter / Volkswagen Crafter"
"https://bus-com.ru/opory-sidenij-dlya-mikroavtobusov/nozhki-trojnogo-kreplenija-sidenij","18.09.2026","Ножки тройного крепления сидений купить"
"https://bus-com.ru/lampa-spot","18.09.2026","Лампа Спот для микроавтобуса купить"
"https://bus-com.ru/kronshtein-poruchnya-4?search=%D0%9A%D1%80%D0%BE%D0%BD%D1%88%D1%82%D0%B5%D0%B9%D0%BD%20%D0%B4%D0%BB%D1%8F%20%D0%BF%D0%BE%D1%80%D1%83%D1%87%D0%BD%D1%8F","18.09.2026","Кронштейн для поручня потолочный (середина) купить"
"https://bus-com.ru/detali-kuzova-mikroavtobusa/stekla/uplotnitel-okonniy-mercedes-sprinter","18.09.2026","Уплотнитель оконный на Mercedes Sprinter / Volkswagen Crafter купить"
"https://bus-com.ru/lampa-babochka-transfer","18.09.2026","Лампа Бабочка Трансфер для микроавтобуса купить"
"https://bus-com.ru/opory-sidenij-dlya-mikroavtobusov/opora-sobol","18.09.2026","Опора сиденья Соболь купить"
"https://bus-com.ru/detali-salona/elektroprivod-sdvizhnoi-dveri-kroko","18.09.2026","Электропривод сдвижной двери ""Кроко"" купить"
"https://bus-com.ru/hrom-paket/naklada-na-zadnie-stopi","18.09.2026","Хром накладка на задние стопы - Mercedes Sprinter Classic"
"https://bus-com.ru/index.php?route=product/search&search=%D0%A1%D1%82%D0%BE%D0%BB","18.09.2026","Поиск - Стол"
"https://bus-com.ru/profil-svetodiodniy-9","18.09.2026","Профиль светодиодный 9 для микроавтобуса"
"https://bus-com.ru/detali-salona/detali-pola/ugolokj-dlya-podiuma","18.09.2026","Уголок для подиума с резиновой вставкой купить"
"https://bus-com.ru/tkan-i-shtory","18.09.2026","Ткань и шторы в микроавтобус"
"https://bus-com.ru/russia/setka-na-spinku-sidenja?page=5","18.09.2026","Сетка на спинку сиденья купить"
"https://bus-com.ru/detali-salona/storki-dlya-mikroavtobusov/shtorki-na-iveco-daily","18.09.2026","Шторки на IVECO Daily купить"
"https://bus-com.ru/index.php?route=product/search&search=%D0%9A%D1%80%D0%BE%D0%BD%D1%88%D1%82%D0%B5%D0%B9%D0%BD%20%D0%BF%D0%BE%D1%80%D1%83%D1%87%D0%BD%D1%8F%20","17.09.2026","Поиск - Кронштейн поручня "
"https://bus-com.ru/index.php?route=product/search&search=stf3","17.09.2026","Поиск - stf3"
"https://bus-com.ru/index.php?route=product/search&search=stf2","17.09.2026","Поиск - stf2"
"https://bus-com.ru/detali-salona/electrooborudovanie-mikroavtobusa/knopka-vyzova-voditelya","17.09.2026","Кнопка остановки автобуса, Кнопка «СТОП» ( «STOP») купить"
"https://bus-com.ru/russia","17.09.2026","Россия"
"https://bus-com.ru/sidenja-i-komplektuyshie/opory-sidenij-dlya-mikroavtobusov/nozhki-kreplenija-sidenja","17.09.2026","Ножки крепления сиденья купить"
"https://bus-com.ru/profil-svetodiodniy-7","16.09.2026","Профиль светодиодный 7 для микроавтобуса"
"https://bus-com.ru/sidenja-i-komplektuyshie/sidenja-dlya-microavtobusov/sidenje-antivandalnoe","16.09.2026","Сиденье Антивандальное купить"
"https://bus-com.ru/nakladki-na-ruchki","16.09.2026","Накладка на ручки - Mercedes Sprinter / Volkswagen Crafter купить"
"https://bus-com.ru/kolpaki-hrom","16.09.2026","Колпаки - Mercedes Sprinter / Volkswagen Crafter купить"
"https://bus-com.ru/index.php?route=product/search&search=%D0%BD%D0%B5%D0%BE%D0%BF%D0%BB%D0%B5%D0%BD","16.09.2026","Поиск - неоплен"
"https://bus-com.ru/paz?page=2","16.09.2026","Комплектующие для автобусов ПАЗ купить"
"https://bus-com.ru/klei-dlya-tkani-v-salon-mikroavtobusa","16.09.2026","Клей для ткани в салон микроавтобуса купить"
"https://bus-com.ru/index.php?route=product/manufacturer","16.09.2026","Найди свой бренд"
"https://bus-com.ru/detali-kuzova-mikroavtobusa/podnozhki/bokovaya-podnozhka-ford-transit-2015g","15.09.2026","Подножка боковая для микроавтобуса купить"
"https://bus-com.ru/opora-kreplenie-passazhirskogo-sidenya-gazel-fermer-sdvizhnaya?search=%D0%BE%D0%BF%D0%BE%D1%80%D0%B0","15.09.2026","Опора (крепление) пассажирского сиденья Газель сдвижная купить"
"https://bus-com.ru/specoborudovanie","14.09.2026","Спецоборудование в микроавтобус"
"https://bus-com.ru/sidenja-i-komplektuyshie/komplektuyshie-dlya-sidenij/tkan-dlya-okleiki-salona-mikroavtobusa","14.09.2026","Ткань алкала купить"
"https://bus-com.ru/ventilyacia-mikroavtobusov","14.09.2026","Вентиляция для микроавтобусов купить"
"https://bus-com.ru/nakladka-na-zadniy-nomer","14.09.2026","Накладка на задний номер - Mercedes Sprinter / Volkswagen Crafter купить"
"https://bus-com.ru/komplektuyshie-dlya-sidenij?page=2","14.09.2026","Комплектующие для сидений"
"https://bus-com.ru/russia?page=4","14.09.2026","Россия"
"https://bus-com.ru/vozduhovody-dvoinie","14.09.2026","Воздуховоды двойные для микроавтобуса купить"
"https://bus-com.ru/detali-kuzova-mikroavtobusa/hrom-paket/nakladka-na-zerkala","14.09.2026","Накладка на зеркала - Mercedes Sprinter / Volkswagen Crafter купить"
"https://bus-com.ru/index.php?route=product/search&search=%D0%BA%D0%BE%D0%B6%D1%83%D1%85%20%D0%B0%D1%80%D0%BA%D0%B8","14.09.2026","Поиск - кожух арки"
"https://bus-com.ru/index.php?route=product/search&search=%D1%81%D0%BE%D0%B1%D0%BE%D0%BB%D1%8C+%D0%BD%D0%BD+%D0%BF%D0%BE%D0%B4%D0%BD%D0%BE%D0%B6%D0%BA%D0%B0","14.09.2026","Поиск - соболь нн подножка"
"https://bus-com.ru/russia?sort=p.price&order=ASC&limit=100","13.09.2026","Россия"
"https://bus-com.ru/index.php?route=product/product&product_id=350","13.09.2026","Подиум для микроавтобуса от задних арок купить"
"https://bus-com.ru/index.php?route=product%2Fproduct&product_id=429","13.09.2026","Заглушка резиновая в рельсы (салазки) сидений купить"
"https://bus-com.ru/gruzopassazhirskiy-salon-mikroavtobusa","13.09.2026","Грузопассажирский салон микроавтобуса"
"https://bus-com.ru/detali-pola","12.09.2026","Детали пола микроавтобуса"
"https://bus-com.ru/detali-kuzova-mikroavtobusa/hrom-paket/moldingi","12.09.2026","Молдинги - Mercedes Sprinter / Volkswagen Crafter купить"
"https://bus-com.ru/detali-kuzova-mikroavtobusa/stekla-na-iveco-daily","12.09.2026","Купить стекла на Ивеко Дэйли"
"https://bus-com.ru/hrom-paket/kolpaki-hrom","12.09.2026","Колпаки - Mercedes Sprinter / Volkswagen Crafter купить"
"https://bus-com.ru/komplektuyushchie-stekol/zamok-fortochki-stf4","12.09.2026","Замок (защелка) форточки микроавтобуса 1"
"https://bus-com.ru/otopiteli/otopitel-oc7","11.09.2026","Товар не найден!"
"https://bus-com.ru/sidenja-i-komplektuyshie/opory-sidenij-dlya-mikroavtobusov/opora-kreplenie-passazhirskogo-sidenya-gazel-fermer-sdvizhnaya","11.09.2026","Опора (крепление) пассажирского сиденья Газель сдвижная купить"
"https://bus-com.ru/detali-salona/electrooborudovanie-mikroavtobusa/ehlektroprivod-sdvizhnoj-dveri-dvuhmotornyj-mersedes-sprinter-volkswagen-crafter-kuzov-w906-c-2006-po-2018g-v-gazel-next-iveso-daily-mercedes-sprinter-slassic-turciya","11.09.2026","Электропривод сдвижной двери двухмоторный Mеrсеdеs Sprintеr, Volkswаgen Crаfter (кузoв W906 c 2006 по 2018г.в.), ГАЗeль NEXT, Iveсо Daily, Мercеdеs Sprinter Сlassic, Турция купить"
"https://bus-com.ru/index.php?route=product/search&search=%D0%A1%D0%B8%D0%B4%D0%B5%D0%BD%D1%8C%D0%B5%20","11.09.2026","Поиск - Сиденье "
"https://bus-com.ru/russia/kronshtein-poruchnya-2?page=3","11.09.2026","Кронштейн для поручня (Т-образное крепление) купить"
"https://bus-com.ru/index.php?route=product/product&product_id=371","11.09.2026","Установка/врезка люков"
"https://bus-com.ru/russia?page=2","11.09.2026","Россия"
"https://bus-com.ru/index.php?route=product/search&search=%D0%9F%D0%BE%D0%B4%D0%BB%D0%BE%D0%BA%D0%BE%D1%82%D0%BD%D0%B8%D0%BA%20%D0%BF%D0%B0%D0%B7%20%D0%B2%D0%B5%D0%BA%D1%82%D0%BE%D1%80%20%D0%BD%D0%B5%D0%BA%D1%81%D1%82","11.09.2026","Поиск - Подлокотник паз вектор некст"
"https://bus-com.ru/stekla-na-volkwagen-crafter-korotkaya-baza","11.09.2026","Купить стекла на Фольксваген Крафтер (короткая база)"
"https://bus-com.ru/russia?page=7","11.09.2026","Россия"
"https://bus-com.ru/kondicionery","11.09.2026","Кондиционеры для микроавтобуса"
"https://bus-com.ru/sidenja-i-komplektuyshie/opora-svizhnaya","11.09.2026","Опора сдвижная сиденья Соболь купить"
"https://bus-com.ru/turkey?sort=p.model&order=ASC&page=1","11.09.2026","Турция"
"https://bus-com.ru/index.php?route=product/product&product_id=425","11.09.2026","Панорамное остекление"
"https://bus-com.ru/komplektuyshie-dlya-sidenij/setka-na-spinku-sidenja","11.09.2026","Сетка на спинку сиденья купить"
"https://bus-com.ru/detali-salona/storki-dlya-mikroavtobusov/shtorki-na-volkswagen-crafter","11.09.2026","Шторки на Volkswagen Crafter купить"
"https://bus-com.ru/index.php?route=product/search&search=%D1%80%D1%83%D1%87%D0%BA","11.09.2026","Поиск - ручк"
"https://bus-com.ru/sidenja-i-komplektuyshie/opory-sidenij-dlya-mikroavtobusov/tumba-povorotnaya","11.09.2026","Товар не найден!"
"https://bus-com.ru/opory-sidenij-dlya-mikroavtobusov/opora-kreplenie-passazhirskogo-sidenya-gazel-fermer-sdvizhnaya","11.09.2026","Опора (крепление) пассажирского сиденья Газель сдвижная купить"
"https://bus-com.ru/bampery","11.09.2026","Категория не найдена!"
"https://bus-com.ru/detali-salona/storki-dlya-mikroavtobusov/shtorki-na-gazel-next-karkasnik","11.09.2026","Товар не найден!"
"https://bus-com.ru/stekla?page=3","11.09.2026","Стекла для микроавтобусов"
"https://bus-com.ru/obivka-salona/stolik-otkidnoi-dlya-mikroavtobusa","11.09.2026","Столик откидной от борта микроавтобуса купить"
"https://bus-com.ru/detali-kuzova-mikroavtobusa/stekla-na-peugeot-boxer-l2","11.09.2026","Купить стекла на Peugeot Boxer L2"
"https://bus-com.ru/index.php?_route_=kreslo-lux-pulman","11.09.2026","Кресло Люкс (аналог Пульман) купить"
"https://bus-com.ru/paz/sidenje-sobol-komfort","11.09.2026","Сиденье водительское купить"
"https://bus-com.ru/index.php?_route_=detali-kuzova-mikroavtobusa/kolpaki-hrom","11.09.2026","Колпаки - Mercedes Sprinter / Volkswagen Crafter купить"
"https://bus-com.ru/komplektuyshie-dlya-sidenij/podgolovnikj-na-lipuchkah","11.09.2026","Подголовник на липучках для сиденья автобуса купить"
"https://bus-com.ru/index.php?route=product/product&product_id=373","11.09.2026","DVD Магнитола + Монитор + Полка под монитор"
"https://bus-com.ru/index.php?route=product/product&product_id=367","11.09.2026","Реечный электропривод двери"
"https://bus-com.ru/index.php?route=product/search&search=%D0%A4%D0%BE%D1%80%D0%B4%20%D1%82%D1%80%D0%B0%D0%BD%D0%B7%D0%B8%D1%82","11.09.2026","Поиск - Форд транзит"
"https://bus-com.ru/russia/steklo-590h880mm-dlya-lyuka-530h820mm","10.09.2026","Стекло люка 590х880мм для люка 530х820мм купить"
"https://bus-com.ru/turkey?page=3","10.09.2026","Турция"
"https://bus-com.ru/detali-salona/poruchni/kronshtein-poruchnya-1","10.09.2026","Кронштейн для поручня (пол/потолок, 3 точки) купить"
"https://bus-com.ru/russia/komplekt-lljuka-maliy-radius","10.09.2026","Аварийно-вентиляционный люк Ford Transit 580 × 780 мм купить"
"https://bus-com.ru/index.php?route=product/product&amp;product_id=422","09.09.2026","Товар не найден!"
"https://bus-com.ru/hrom-paket/nakladka-na-nomer-s-nadpisju","09.09.2026","Задний номер с надписью - Mercedes Sprinter / Volkswagen Crafter купить"
"https://bus-com.ru/detali-salona/osveshenie/profil-svetodiodniy-7","09.09.2026","Профиль светодиодный 7 для микроавтобуса"
"https://bus-com.ru/index.php?route=product/product&product_id=472","09.09.2026","Хром накладка на задние стопы - Mercedes Sprinter / Volkswagen Crafter"
"https://bus-com.ru/detali-salona/obivka-salona/termo-shumoizolyaciya-dlya-mikroavtobusa-izolon-4mm","08.09.2026","Термо-шумоизоляция для микроавтобуса Изолон 4мм купить"
"https://bus-com.ru/paz?page=3","08.09.2026","Комплектующие для автобусов ПАЗ купить"
"https://bus-com.ru/index.php?route=product/search&search=%D0%BA%D0%B0%D1%82%D0%B0%D1%84%D0%B0%D0%BB%D0%BA","08.09.2026","Поиск - катафалк"
"https://bus-com.ru/komplektuyshie-dlya-sidenij/podlokotnik-pryamoi","08.09.2026","Подлокотник прямой Россия купить"
"https://bus-com.ru/russia?page=5","07.09.2026","Россия"
"https://bus-com.ru/sidenja-i-komplektuyshie/opory-sidenij-dlya-mikroavtobusov/povorotnyj-mekhanizm-sideniya-usilennyj","07.09.2026","Поворотный механизм сидения усиленный купить"
"https://bus-com.ru/povorotnyj-mekhanizm-sideniya-usilennyj?search=%D0%9F%D0%BE%D0%B2%D0%BE%D1%80%D0%BE%D1%82%D0%BD%D1%8B%D0%B9%20%D0%BC%D0%B5%D1%85%D0%B0%D0%BD%D0%B8%D0%B7%D0%BC","07.09.2026","Поворотный механизм сидения усиленный купить"
"https://bus-com.ru/index.php?route=product/search&search=%D0%9F%D0%BE%D0%B2%D0%BE%D1%80%D0%BE%D1%82%D0%BD%D1%8B%D0%B9%20%D0%BC%D0%B5%D1%85%D0%B0%D0%BD%D0%B8%D0%B7%D0%BC","07.09.2026","Поиск - Поворотный механизм"
"https://bus-com.ru/sidenja-i-komplektuyshie/komplektuyshie-dlya-sidenij/eko-kozha-premium","07.09.2026","Эко-кожа Премиум для микроавтобуса"
"https://bus-com.ru/detali-kuzova-mikroavtobusa/podnozhki/bokovaya-podnozhka-volkswagen-crafter-mercedes-benz-sprinter-1","06.09.2026","Подножка боковая для микроавтобуса купить"
"https://bus-com.ru/index.php?route=product/search&search=%D0%9F%D0%BE%D0%BB%D0%BA%D0%B0%20%D0%BF%D0%B5%D1%80%D0%B5%D0%B4%D0%BD%D1%8F%D1%8F%20%D0%9F%D0%90%D0%97%20","06.09.2026","Поиск - Полка передняя ПАЗ "
"https://bus-com.ru/index.php?route=product/search&search=%D0%9F%D0%B0%D0%B7","06.09.2026","Поиск - Паз"
"https://bus-com.ru/paz/nozhki-trojnogo-kreplenija-sidenij","06.09.2026","Ножки тройного крепления сидений купить"
"https://bus-com.ru/detali-kuzova-mikroavtobusa/naklada-na-zadnie-stopi","06.09.2026","Хром накладка на задние стопы - Mercedes Sprinter Classic"
"https://bus-com.ru/podnozhki/bokovaya-podnozhka-gazel-next-gazel-nn-1","06.09.2026","Подножка задняя для микроавтобуса купить"
"https://bus-com.ru/konidicionery-i-otopiteli-dlya-mikroavtobusa/kondicionery/condicioner-na-mercedes-9,5-nakrishniy","05.09.2026","Товар не найден!"
"https://bus-com.ru/konidicionery-i-otopiteli-dlya-mikroavtobusa/ljuki/komplekt-lyuka-53x82","05.09.2026","Аварийно-вентиляционный люк со стеклянной крышкой (посадочный размер 530×820 мм), Турция купить"
"https://bus-com.ru/sidenja-i-komplektuyshie/sidenja-dlya-microavtobusov/sidenje-gida","05.09.2026","Сиденье Гида купить"
"https://bus-com.ru/index.php?route=product/search&search=XU6220921F0000009","04.09.2026","Поиск - XU6220921F0000009"
"https://bus-com.ru/turkey/lampa-millenium","04.09.2026","Лампа Миллениум для микроавтобуса купить"
"https://bus-com.ru/sidenja-i-komplektuyshie/opory-sidenij-dlya-mikroavtobusov?product_id=474","04.09.2026","Поворотный механизм сидения усиленный купить"
"https://bus-com.ru/webasto","04.09.2026","Webasto (Германия)"
"https://bus-com.ru/sidenja-i-komplektuyshie/ruchka-kreplenija","04.09.2026","Ручка на спинку сиденья купить"
"https://bus-com.ru/storki-dlya-mikroavtobusov/shtorki-na-citroen-jumper","04.09.2026","Шторки на Citroen Jumper купить"
"https://bus-com.ru/detali-kuzova-mikroavtobusa/nakladka-na-zerkala","03.09.2026","Накладка на зеркала - Mercedes Sprinter / Volkswagen Crafter купить"
"https://bus-com.ru/index.php?route=product/search&search=%D1%81%D0%B8%D0%B4%D0%B5%D0%BD%D1%8C%D0%B5%20%D0%BE%D1%82%D0%BA%D0%B8%D0%B4%D0%BD%D0%BE%D0%B5%20%D0%BD%D0%B0%20%D0%BC%D0%B8%D0%BA%D1%80%D0%BE%D0%B0%D0%B2%D1%82%D0%BE%D0%B1%D1%83%D1%81","03.09.2026","Поиск - сиденье откидное на микроавтобус"
"https://bus-com.ru/konidicionery-i-otopiteli-dlya-mikroavtobusa/ljuki/komplekt-luka-turcia","03.09.2026","Комплект люка, Турция купить"
"https://bus-com.ru/osveshenie/profil-svetodiodniy-7","03.09.2026","Профиль светодиодный 7 для микроавтобуса"
"https://bus-com.ru/sidenja-i-komplektuyshie/sidenja-dlya-microavtobusov/sidenije-turisticheskoe-grl","03.09.2026","Товар не найден!"
"https://bus-com.ru/index.php?route=product/search&search=%D0%A0%D0%B5%D0%BC%D0%B5%D0%BD%D1%8C%20%D0%B1%D0%B5%D0%B7%D0%BE%D0%BF%D0%B0%D1%81%D0%BD%D0%BE%D1%81%D1%82%D0%B8","03.09.2026","Поиск - Ремень безопасности"
"https://bus-com.ru/paz/shtorki-na-ford-transit-do-2014","03.09.2026","Шторки на Ford Transit до 2014 купить"
"https://bus-com.ru/wp-login.php","02.09.2026",""
"https://bus-com.ru/vengria","02.09.2026","Венгрия"
"https://bus-com.ru/russia/shtorki-na-citroen-jumper","02.09.2026","Шторки на Citroen Jumper купить"
"https://bus-com.ru/detali-kuzova-mikroavtobusa/hrom-paket/nakladki-na-radiator-3","01.09.2026","Накладка на радиатор - Mercedes Sprinter 515 ""рестайлинг"" купить"
"https://bus-com.ru/index.php?route=product%2Fproduct&product_id=474","01.09.2026","Поворотный механизм сидения усиленный купить"
"https://bus-com.ru/sidenja-i-komplektuyshie/komplektuyshie-dlya-sidenij/podgolovnik-na-lipuchkah-s-vishivkoj","30.08.2026","Подголовник на липучках с вышивкой купить"
"https://bus-com.ru/index.php?route=product/search&search=%D0%9F%D0%B5%D1%80%D0%B5%D0%BE%D0%B1%D0%BE%D1%80%D1%83%D0%B4%D0%BE%D0%B2%D0%B0%D0%BD%D0%B8%D0%B5%20%D0%BC%D0%B8%D0%BA%D1%80%D0%BE%D0%B0%D0%B2%D1%82%D0%BE%D0%B1%D1%83%D1%81%D0%BE%D0%B2%20%D0%B2%20%D0%A7%D0%B5%D0%BB%D1%8F%D0%B1%D0%B8%D0%BD%D1%81%D0%BA%D0%B5%20","30.08.2026","Поиск - Переоборудование микроавтобусов в Челябинске "
"https://bus-com.ru/russia/opora-sobol?page=4","29.08.2026","Опора сиденья Соболь купить"
"https://bus-com.ru/russia/elektroprivod-sdvizhnoi-dveri-kroko","28.08.2026","Электропривод сдвижной двери ""Кроко"" купить"
"https://bus-com.ru/vozduhovody","28.08.2026","Воздуховоды для микроавтобуса купить"
"https://bus-com.ru/detali-kuzova-mikroavtobusa/stekla/zamok-fortochki-mikroavtobusa-3","28.08.2026","Замок (защелка) форточки микроавтобуса STF3"
"https://bus-com.ru/index.php?route=product/search&search=%D0%9F%D0%B5%D1%80%D0%B5%D0%B3%D0%BE%D1%80%D0%BE%D0%B4%D0%BA%D0%B0","28.08.2026","Поиск - Перегородка"
"https://bus-com.ru/lampa-millenium-transfer","27.08.2026","Лампа Миллениум Трансфер для микроавтобуса купить"
"https://bus-com.ru/pereoborudovanie-mikroavtobusov/?route=information/constructor&pm_source=win.mail.ru&pm_block=none&pm_position=0","27.08.2026","Переоборудование микроавтобусов"
"https://bus-com.ru/index.php?route=product/search&search=%D0%BF%D0%BE%D0%B4%D0%BB%D0%BE%D0%BA%D0%BE%D1%82%D0%BD%D0%B8%D0%BA%20%D1%82%D1%83%D1%80%D0%B8%D1%81%D1%82","27.08.2026","Поиск - подлокотник турист"
"https://bus-com.ru/index.php?route=product/search&search=%D1%81%D0%B8%D0%B4%D0%B5%D0%BD%D1%8C%D1%8F%20%D0%B4%D0%BB%D1%8F%20%D1%84%D0%BE%D1%80%D0%B4%20%D1%82%D1%80%D0%B0%D0%BD%D0%B7%D0%B8%D1%82","27.08.2026","Поиск - сиденья для форд транзит"
"https://bus-com.ru/detali-kuzova-mikroavtobusa?product_id=428","26.08.2026","Купить Молоточек для стекла в микроавтобус"
"https://bus-com.ru/sidenja-i-komplektuyshie/nozhki-trojnogo-kreplenija-sidenij","26.08.2026","Ножки тройного крепления сидений купить"
"https://bus-com.ru/stekla/zamok-fortochki-mikroavtobusa-1","26.08.2026","Замок (защелка) форточки микроавтобуса 1"
"https://bus-com.ru/index.php?route=product/product&product_id=357","26.08.2026","Полки Туристические с комфорт блоками"
"https://bus-com.ru/detali-kuzova-mikroavtobusa/stekla?page=3","26.08.2026","Стекла для микроавтобусов"
"https://bus-com.ru/sidenja-i-komplektuyshie/komplektuyshie-dlya-sidenij/chehol-dlya-sidenja","26.08.2026","Товар не найден!"
"https://bus-com.ru/hrom-paket/nakladki-na-radiator-3","26.08.2026","Накладка на радиатор - Mercedes Sprinter 515 ""рестайлинг"" купить"
"https://bus-com.ru/sidenja-i-komplektuyshie/komplektuyshie-dlya-sidenij/setka-na-spinku-sidenja","25.08.2026","Сетка на спинку сиденья купить"
"https://bus-com.ru/detali-kuzova-mikroavtobusa/hrom-paket?product_id=472","24.08.2026","Хром накладка на задние стопы - Mercedes Sprinter / Volkswagen Crafter"
"https://bus-com.ru/sidenja-i-komplektuyshie/sidenje-gida","23.08.2026","Сиденье Гида купить"
"https://bus-com.ru/sidenja-i-komplektuyshie/remni-bezopasanosti/remen-zadnih-dverei-avtobusa","23.08.2026","Ремень задних дверей автобуса купить"
"https://bus-com.ru/paz/plafon-osvesheniya-svetodiodniy","22.08.2026","Плафон освещения светодиодный купить"
"https://bus-com.ru/komplektuyushchie-stekol/zamok-fortochki-mikroavtobusa-1","22.08.2026","Замок (защелка) форточки микроавтобуса 1"
"https://bus-com.ru/turkey/lampa-babochka-transfer","18.08.2026","Лампа Бабочка Трансфер для микроавтобуса купить"
"https://bus-com.ru/russia?sort=p.price&order=DESC&page=3","16.08.2026","Россия"
"https://bus-com.ru/paz/podlokotnik-pryamoi","15.08.2026","Подлокотник прямой Россия купить"
"https://bus-com.ru/index.php?route=product/search&search=%D0%9F%D0%BE%D0%B4%D0%BD%D0%BE%D0%B6%D0%BA%D0%BF","15.08.2026","Поиск - Подножкп"
"https://bus-com.ru/turkey/podlokotnik-reguliruemiy-turkey-2","12.08.2026","Подлокотник регулируемый Турция купить"
"https://bus-com.ru/sidenja-i-komplektuyshie/komplektuyshie-dlya-sidenij/nozhki-kreplenija-sidenja","12.08.2026","Ножки крепления сиденья купить"
"https://bus-com.ru/pervyj-vid-podiuma","11.08.2026","Первый вид подиума"
"https://bus-com.ru/detali-salona/electroprivod-sdvizhnoi-dveri-dvuhmotorniy-turcia","11.08.2026","Электропривод сдвижной двери двухмоторный Ford Transit (2015 г.в. — настоящее время), Турция купить"
"https://bus-com.ru/index.php?route=product/search&search=%D0%A9%D0%B5%D1%82%D0%BA%D0%B0%20%D1%81%D1%82%D0%B5%D0%BA%D0%BB%D0%BE%D0%BE%D1%87%D0%B8%D1%81%D1%82%D0%B8%D1%82%D0%B5%D0%BB%D1%8F","11.08.2026","Поиск - Щетка стеклоочистителя"
"https://bus-com.ru/konidicionery-i-otopiteli-dlya-mikroavtobusa/ljuki/luk-na-mikroavtobus-50-50","11.08.2026","Комплект люка, Турция (50x50) купить"
"https://bus-com.ru/paz/podlokotnik-reguliruemiy-turkey-2","11.08.2026","Подлокотник регулируемый Турция купить"
"https://bus-com.ru/hrom-paket/nakladka-na-zerkala","11.08.2026","Накладка на зеркала - Mercedes Sprinter / Volkswagen Crafter купить"
"https://bus-com.ru/opora-sidenja-so-sdvigom-v-bok?search=sk31","09.08.2026","Товар не найден!"
"https://bus-com.ru/index.php?route=product/search&search=%D0%A1%D0%B8%D0%B4%D0%B5%D0%BD%D1%8C%D1%8F","09.08.2026","Поиск - Сиденья"
"https://bus-com.ru/index.php?route=product/search&search=%D0%9F%D0%BE%D0%B4%D0%BB%D0%BE%D0%BA%D0%BE%D1%82%D0%BD%D0%B8%D0%BA%20%D0%BF%D0%B0%D0%B7%20","09.08.2026","Поиск - Подлокотник паз "
"https://bus-com.ru/detali-salona/lampa-millenium","09.08.2026","Лампа Миллениум для микроавтобуса купить"
"https://bus-com.ru/index.php?route=product/search&tag=%D0%9A%D0%BE%D0%BC%D1%84%D0%BE%D1%80%D1%82%20%D0%B1%D0%BB%D0%BE%D0%BA%20%D0%B4%D0%BB%D1%8F%20%D0%BC%D0%B8%D0%BA%D1%80%D0%BE%D0%B0%D0%B2%D1%82%D0%BE%D0%B1%D1%83%D1%81%D0%B0%20ALIS%20%D0%BA%D1%83%D0%BF%D0%B8%D1%82%D1%8C","09.08.2026","Поиск - Тег - Комфорт блок для микроавтобуса ALIS купить"
"https://bus-com.ru/index.php?route=product/search&search=%D0%A1%D1%82%D0%B5%D0%BA%D0%BB%D0%BE","09.08.2026","Поиск - Стекло"
"https://bus-com.ru/stekla/stekla-na-mercedes-sprinter-515-korotkaya-baza","09.08.2026","Купить стекла на Мерседес Спринтер 515 (короткая база)"
"https://bus-com.ru/sidenja-i-komplektuyshie/lira","09.08.2026","Лира (крепление сидушки) купить"
"https://bus-com.ru/detali-kuzova-mikroavtobusa/podnozhka-zadnjaya","09.08.2026","Товар не найден!"
"https://bus-com.ru/index.php?_route_=kolpaki-hrom","09.08.2026","Колпаки - Mercedes Sprinter / Volkswagen Crafter купить"
"https://bus-com.ru/komplektuyushchie-stekol/uplotnitel-fortochki","07.08.2026","Наружный вертикальный уплотнитель для сдвижной форточки купить"
"https://bus-com.ru/russia?page=3","06.08.2026","Россия"
"https://bus-com.ru/index.php?route=product/search&search=%D0%BF%D0%BE%D0%B4%D0%BB%D0%BE%D0%BA%D0%BE%D1%82%D0%BD%D0%B8%D0%BA","06.08.2026","Поиск - подлокотник"
"https://bus-com.ru/index.php?route=account/return/add","04.08.2026","Возврат товара"
"https://bus-com.ru/index.php?route=product/search&search=%D0%9F%D0%BE%D0%B4%D0%BD%D0%BE%D0%B6%D0%BA%D0%B0","03.08.2026","Поиск - Подножка"
"https://bus-com.ru/russia/otopitel-oc7","03.08.2026","Товар не найден!"
"https://bus-com.ru/russia?page=6","02.08.2026","Россия"
"https://bus-com.ru/bokovaya-podnozhka-volkswagen-crafter-mercedes-benz-sprinter-1?search=%D0%9F%D0%BE%D0%B4%D0%BD%D0%BE%D0%B6%D0%BA%D0%B0","01.08.2026","Подножка боковая для микроавтобуса купить"
"https://bus-com.ru/tkan-i-shtory/tkan-dlya-okleiki-salona-mikroavtobusa","31.07.2026","Ткань алкала купить"
"https://bus-com.ru/detali-kuzova-mikroavtobusa/stekla-na-fiat-ducato-l2","31.07.2026","Купить стекла на Fiat Ducato L2"
"https://bus-com.ru/turkey/electroprivod-sdvizhnoi-dveri-dvuhmotorniy-turcia?page=1","31.07.2026","Электропривод сдвижной двери двухмоторный Ford Transit (2015 г.в. — настоящее время), Турция купить"
"https://bus-com.ru/russia?product_id=474","31.07.2026","Поворотный механизм сидения усиленный купить"
"https://bus-com.ru/index.php?route=product/search&search=%D0%9F%D0%BB%D0%B0%D1%81%D1%82%D0%B8%D0%BA%D0%BE%D0%B2%D1%8B%D0%B9%20%D0%BA%D0%B0%D1%80%D0%BA%D0%B0%D1%81%20%D1%81%D0%B8%D0%B4%D0%B5%D0%BD%D0%B8%D0%B9%20","30.07.2026","Поиск - Пластиковый каркас сидений "
"https://bus-com.ru/index.php?route=product/search&search=%D0%97%D0%B0%D0%BC%D0%BE%D0%BA%20%D1%84%D0%BE%D1%80%D1%82%D0%BE%D1%87%D0%BA%D0%B8","29.07.2026","Поиск - Замок форточки"
"https://bus-com.ru/index.php?route=product/search&search=%D0%91%D0%BE%D0%BA%D0%BE%D0%B2%D0%B0%D1%8F%20%D0%BF%D0%BE%D0%B4%D0%BD%D0%BE%D0%B6%D0%BA%D0%B0%20%D0%BD%D0%B0%20%D1%84%D0%BE%D1%80%D0%B4%20%D1%82%D1%80%D0%B0%D0%BD%D0%B7%D0%B8%D1%82%202017","28.07.2026","Поиск - Боковая подножка на форд транзит 2017"
"https://bus-com.ru/index.php?route=product/search&search=%D1%81%D1%82%D0%B5%D0%BA%D0%BB%D0%BE%20%D0%BB%D1%8E%D0%BA","28.07.2026","Поиск - стекло люк"
"https://bus-com.ru/index.php?route=product/search&search=%D1%81%D0%B8%D0%B4%D0%B5%D0%BD%D1%8C%D0%B5","28.07.2026","Поиск - сиденье"
"https://bus-com.ru/russia/povorotnyj-mekhanizm-sideniya-usilennyj","28.07.2026","Поворотный механизм сидения усиленный купить"
"https://bus-com.ru/index.php?route=affiliate/login","28.07.2026","Партнерская программа"
"https://bus-com.ru/index.php?route=product/search&search=%D0%9F%D0%BE%D0%B4%D0%BB%D0%BE%D0%BA%D0%BE%D1%82%D0%BD%D0%B8%D0%BA%20%D1%81%D0%B8%D0%B4%D0%B5%D0%BD%D1%8C%D1%8F%20%20%D0%BF%D0%B0%D0%B7","27.07.2026","Поиск - Подлокотник сиденья  паз"
"https://bus-com.ru/index.php?route=product/search&search=%D0%9F%D0%B5%D0%B6%D0%BE%20%D0%B1%D0%BE%D0%BA%D1%81%D0%B5%D1%80","26.07.2026","Поиск - Пежо боксер"
"https://bus-com.ru/turkey?page=4","25.07.2026","Турция"
"https://bus-com.ru/shtorki-na-iveco-daily?search=%D0%A8%D1%82%D0%BE%D1%80%D0%BA%D0%B8&category_id=109","25.07.2026","Шторки на IVECO Daily купить"
"https://bus-com.ru/sidenja-i-komplektuyshie/setka-na-spinku-sidenja","25.07.2026","Сетка на спинку сиденья купить"
"https://bus-com.ru/index.php?route=product/search&search=%D0%A8%D1%82%D0%BE%D1%80%D1%8B","24.07.2026","Поиск - Шторы"
"https://bus-com.ru/komplektuyshie-dlya-sidenij/skladnoj-mechanism-sidenja","21.07.2026","Складной механизм сиденья купить"
"https://bus-com.ru/remni-bezopasanosti/remen-bezopasnosti-3","20.07.2026","Ремень безопасности трехточечный инерционный купить"
"https://bus-com.ru/index.php?route=product/search&search=%D0%BE%D0%BF%D0%BE%D1%80%D0%B0","18.07.2026","Поиск - опора"
"https://bus-com.ru/pereoborudovanie-mikroavtobusa/","17.07.2026","Калькулятор переоборудования"
"https://bus-com.ru/detali-salona/shtorki-na-citroen-jumper","17.07.2026","Шторки на Citroen Jumper купить"
"https://bus-com.ru/sidenja-i-komplektuyshie/nozhki-parnogo-kreplenija-sidenij","16.07.2026","Ножки парного крепления сидений купить"
"https://bus-com.ru/detali-salona/osveshenie/svetilnik-v-porog","16.07.2026","Товар не найден!"
"https://bus-com.ru/turkey?sort=p.model&order=DESC","16.07.2026","Турция"
"https://bus-com.ru/turkey/luk-na-mikroavtobus-50-50?sort=p.model&order=DESC&page=3","16.07.2026","Комплект люка, Турция (50x50) купить"
"https://bus-com.ru/detali-kuzova-mikroavtobusa/hrom-paket/nakladki-na-zerkala-plastik","16.07.2026","Накладка на зеркала (пластик) - Mercedes Sprinter / Volkswagen Crafter купить"
"https://bus-com.ru/storki-dlya-mikroavtobusov/shtorki-na-ford-transit-2014","15.07.2026","Шторки на Ford Transit 2014 купить"
"https://bus-com.ru/podnozhki/bokovaya-podnozhka-ford-transit-2006-2014gg","13.07.2026","Подножка боковая для микроавтобуса купить"
"https://bus-com.ru/electrooborudovanie-mikroavtobusa/knopka-vyzova-voditelya","13.07.2026","Кнопка остановки автобуса, Кнопка «СТОП» ( «STOP») купить"
"https://bus-com.ru/index.php?route=product/search&search=%D0%9F%D0%BE%D0%B4%D0%BB%D0%BE%D0%BA%D0%BE%D1%82%D0%BD%D0%B8%D0%BA","11.07.2026","Поиск - Подлокотник"
"https://bus-com.ru/index.php?route=product/search&search=Trw%20b47pg","10.07.2026","Поиск - Trw b47pg"
"https://bus-com.ru/detali-kuzova-mikroavtobusa/stekla/uplotnitel-okonniy-uzkiy","10.07.2026","Уплотнитель оконный на Ford Transit / Fiat Ducato / Peugeot Boxer / Citroen Jumper купить"
"https://bus-com.ru/index.php?route=product/search&tag=%D0%92%D0%BE%D0%B7%D0%B4%D1%83%D1%85%D0%BE%D0%B2%D0%BE%D0%B4%D1%8B%20%D0%B4%D0%B2%D0%BE%D0%B9%D0%BD%D1%8B%D0%B5%20%D0%B4%D0%BB%D1%8F%20%D0%BC%D0%B8%D0%BA%D1%80%D0%BE%D0%B0%D0%B2%D1%82%D0%BE%D0%B1%D1%83%D1%81%D0%B0%20%D0%BA%D1%83%D0%BF%D0%B8%D1%82%D1%8C","05.07.2026","Поиск - Тег - Воздуховоды двойные для микроавтобуса купить"
"https://bus-com.ru/turkey/kolpaki-hrom?page=2","05.07.2026","Колпаки - Mercedes Sprinter / Volkswagen Crafter купить"
"https://bus-com.ru/russia/shtorki-na-citroen-jumper?page=8","05.07.2026","Шторки на Citroen Jumper купить"
"https://bus-com.ru/russia/podnozhka-zadnjaya","05.07.2026","Товар не найден!"
"https://bus-com.ru/detali-salona/tkan-dlya-okleiki-salona-mikroavtobusa","05.07.2026","Ткань алкала купить"
"https://bus-com.ru/turkey/uplotnitel-okonniy-uzkiy?page=3","03.07.2026","Уплотнитель оконный на Ford Transit / Fiat Ducato / Peugeot Boxer / Citroen Jumper купить"
"https://bus-com.ru/opora-svizhnaya?search=%D0%BE%D0%BF%D0%BE%D1%80%D0%B0","03.07.2026","Опора сдвижная сиденья Соболь купить"
"https://bus-com.ru/index.php?route=product/search&search=%D0%A1%20%D0%B2%D1%8B%D1%88%D0%B8%D0%B2%D0%BA%D0%BE%D0%B9%20%D0%A1%D0%B8%D0%BC%D0%B0%D0%B7","01.07.2026","Поиск - С вышивкой Симаз"
"https://bus-com.ru/index.php?_route_=sidenja-i-komplektuyshie/komplektuyshie-dlya-sidenij/podgolovnik-na-lipuchkah-s-vishivkoj","30.06.2026","Подголовник на липучках с вышивкой купить"
"https://bus-com.ru/index.php?route=product/search&search=%D0%9A%D0%BB%D0%B8%D0%BF%D1%81%D1%8B%20%D1%88%D1%82%D0%BE%D1%80","29.06.2026","Поиск - Клипсы штор"
"https://bus-com.ru/paz/shtorki-na-volkswagen-crafter-t5","27.06.2026","Товар не найден!"
"https://bus-com.ru/detali-kuzova-mikroavtobusa/nakladki-na-ruchki","26.06.2026","Накладка на ручки - Mercedes Sprinter / Volkswagen Crafter купить"
"https://bus-com.ru/turkey/nakladka-na-zerkala","26.06.2026","Накладка на зеркала - Mercedes Sprinter / Volkswagen Crafter купить"
"https://bus-com.ru/russia/stolik-na-spinku","26.06.2026","Столик на спинку сиденья купить"
"https://bus-com.ru/russia/zaglushka-rezinovaya-v-relsy-salazki-sidenij","26.06.2026","Заглушка резиновая в рельсы (салазки) сидений купить"
"https://bus-com.ru/stekla-na-mercedes-sprinter-classic-411-dlinnaya-baza/","23.06.2026","Купить стекла на Мерседес Спринтер Классик (длинная база)"
"https://bus-com.ru/index.php?route=product/search&search=%D0%94%D1%83%D0%B3%D0%B8","22.06.2026","Поиск - Дуги"
"https://bus-com.ru/index.php?route=product/search&search=%D0%A1%D1%82%D0%B5%D0%BA%D0%BB%D0%BE&description=true","22.06.2026","Поиск - Стекло"
"https://bus-com.ru/osveshenie/svetilnik-v-porog","22.06.2026","Товар не найден!"
"https://bus-com.ru/konidicionery-i-otopiteli-dlya-mikroavtobusa/ljuki/komplekt-lyuka-60x75","21.06.2026","Комплект люка купить"
"https://bus-com.ru/russia/opora-sobol","21.06.2026","Опора сиденья Соболь купить"
"https://bus-com.ru/ljuki/komplekt-lyuka-60x75","20.06.2026","Комплект люка купить"
"https://bus-com.ru/podnozhki/bokovaya-podnozhka-gazel-next-gazel-nn","19.06.2026","Подножка боковая для микроавтобуса купить"
"https://bus-com.ru/detali-kuzova-mikroavtobusa/bampery?product_id=379","14.06.2026","Товар не найден!"
"https://bus-com.ru/hrom-paket/nakladka-na-luchok-benzobaka","11.06.2026","Накладка на лючок бензобака - Mercedes Sprinter / Volkswagen Crafter купить"
"https://bus-com.ru/paz?product_id=474","11.06.2026","Поворотный механизм сидения усиленный купить"
"https://bus-com.ru/detali-kuzova-mikroavtobusa/nakladka-na-zadniy-nomer","10.06.2026","Накладка на задний номер - Mercedes Sprinter / Volkswagen Crafter купить"
"https://bus-com.ru/paz/kozhuh-dekorativniy-otopitelya-salona-avtobusa","10.06.2026","Товар не найден!"
"https://bus-com.ru/index.php?route=product/search&search=%D0%9E%D0%B1%D1%80%D0%B0%D0%BC%D0%BB%D0%B5%D0%BD%D0%B8%D0%B5%20%D0%BE%D0%BA%D0%BE%D0%BD","10.06.2026","Поиск - Обрамление окон"
"https://bus-com.ru/russia/shtorki-na-iveco-daily?page=9","10.06.2026","Шторки на IVECO Daily купить"
"https://bus-com.ru/obivka-salona/kozhuh-arki-v-salon-ford-transit-dvuhskatka","10.06.2026","Товар не найден!"
"https://bus-com.ru/index.php?product_id=251&route=product/product","09.06.2026","Комплект люка купить"
"https://bus-com.ru/zamok-fortochki-mikroavtobusa-3?search=stf3","08.06.2026","Замок (защелка) форточки микроавтобуса STF3"
"https://bus-com.ru/index.php?route=product/search&search=%D0%97%D0%B0%D0%B4%D0%BD%D0%B5%D0%B5%20%D0%BF%D1%80%D0%B0%D0%B2%D0%BE%D0%B5","07.06.2026","Поиск - Заднее правое"
"https://bus-com.ru/index.php?route=product/search&search=%D0%93%D0%B0%D0%B1%D0%B0%D1%80%D0%B8%D1%82%D1%8B","07.06.2026","Поиск - Габариты"
"https://bus-com.ru/detali-kuzova-mikroavtobusa/hrom-paket/nakladka-na-zadniy-nomer","07.06.2026","Накладка на задний номер - Mercedes Sprinter / Volkswagen Crafter купить"
"https://bus-com.ru/russia/stolik-na-spinku?page=8","05.06.2026","Столик на спинку сиденья купить"
"https://bus-com.ru/index.php?route=account/success","05.06.2026","Ваш профиль был создан!"
"https://bus-com.ru/index.php?route=product/search&search=%D1%81%D0%BA%D0%BE%D0%B1%D0%B0","05.06.2026","Поиск - скоба"
"https://bus-com.ru/index.php?route=product/search&search=%D0%9E%D0%BF%D0%BE%D1%80%D1%8B%20%D1%81%D0%B8%D0%B4%D0%B5%D0%BD%D0%B8%D1%8F%20","05.06.2026","Поиск - Опоры сидения "
"https://bus-com.ru/sidenja-i-komplektuyshie/komplektuyshie-dlya-sidenij/stolik-novogo-obrazca-skladnoj-na-spinku-sidenya","04.06.2026","Столик нового образца на спинку сиденья купить"
"https://bus-com.ru/remni-bezopasanosti/remen-zadnih-dverei-avtobusa","04.06.2026","Ремень задних дверей автобуса купить"
"https://bus-com.ru/osveshenie/profil-svetodiodniy-5","03.06.2026","Профиль светодиодный 5 для микроавтобуса"
"https://bus-com.ru/detali-salona/obivka-salona/kozhuh-arki-v-salon-ford-transit-dvuhskatka","03.06.2026","Товар не найден!"
"https://bus-com.ru/detali-kuzova-mikroavtobusa/hrom-paket/nakladki-na-ruchki","03.06.2026","Накладка на ручки - Mercedes Sprinter / Volkswagen Crafter купить"
"https://bus-com.ru/index.php?route=product/search&search=%D0%B1%D1%8B%D1%81%D1%82%D1%80%D0%BE%D1%81%D1%8C%D0%B5%D0%BC%D0%BD%D1%8B%D0%B5","02.06.2026","Поиск - быстросьемные"
"https://bus-com.ru/refubrishment_test","02.06.2026","Refubrishment"
"https://bus-com.ru/alex","02.06.2026","Alex (Израиль)"
"https://bus-com.ru/index.php?_route_=detali-salona/tkan-i-shtory/eko-kozha","30.05.2026","Эко-кожа для микроавтобуса"
"https://bus-com.ru/setka-na-spinku-sidenja?search=%D1%81%D0%B5%D1%82%D0%BA%D0%B0","30.05.2026","Сетка на спинку сиденья купить"
"https://bus-com.ru/komplektuyushchie-stekol/molotochek-dlya-stekla-v-mikroavtobus-2","28.05.2026","Купить Молоточек для стекла в микроавтобус"
"https://bus-com.ru/index.php?route=product/search&search=%D0%91%D0%BE%D0%BA%D0%BE%D0%B2%D1%8B%D0%B5%20%D0%BF%D0%BB%D0%B0%D1%81%D1%82%D0%BC%D0%B0%D1%81%D0%BA%D0%B8%20%D0%BD%D0%B0%20%D1%81%D0%B8%D0%B4%D0%B5%D0%BD%D1%8C%D1%8F%20%D0%A2%D1%83%D1%80%D0%B8%D1%81%D1%82","28.05.2026","Поиск - Боковые пластмаски на сиденья Турист"
"https://bus-com.ru/index.php?route=product/search&search=Zanoti","27.05.2026","Поиск - Zanoti"
"https://bus-com.ru/sidenja-i-komplektuyshie/podgolovnikj-na-lipuchkah","24.05.2026","Подголовник на липучках для сиденья автобуса купить"
"https://bus-com.ru/turkey/luk-na-mikroavtobus-50-50","24.05.2026","Комплект люка, Турция (50x50) купить"
"https://bus-com.ru/russia/termo-shumoizolyaciya-dlya-mikroavtobusa-izolon-4mm","24.05.2026","Термо-шумоизоляция для микроавтобуса Изолон 4мм купить"
"https://bus-com.ru/paz/podlokotnik-turisticheskij","21.05.2026","Подлокотник регулируемый Россия купить"
"https://bus-com.ru/podlokotnik-reguliruemiy-turkey-2/","21.05.2026","Подлокотник регулируемый Турция купить"
"https://bus-com.ru/paz/remen-bezopasnosti-2-staticheskiy","19.05.2026","Ремень безопасности двухточечный статический купить"
"https://bus-com.ru/komplektuyshie-dlya-sidenij/tkan-dlya-okleiki-salona-mikroavtobusa","19.05.2026","Ткань алкала купить"
"https://bus-com.ru/sidenje-bortovoe?search=%D1%81%D0%B8%D0%B4%D0%B5%D0%BD%D1%8C%D0%B5","18.05.2026","Сиденье Бортовое в автобус купить"
"https://bus-com.ru/russia/zamok-fortochki-mikroavtobusa-1?limit=25","18.05.2026","Замок (защелка) форточки микроавтобуса 1"
"https://bus-com.ru/electrooborudovanie-mikroavtobusa/electroprivod-sdvizhnoi-dveri-dvuhmotorniy-turcia","15.05.2026","Электропривод сдвижной двери двухмоторный Ford Transit (2015 г.в. — настоящее время), Турция купить"
"https://bus-com.ru/index.php?route=product/product&product_id=279","15.05.2026","Накладка на ручки - Mercedes Sprinter / Volkswagen Crafter купить"
"https://bus-com.ru/chehol-dlya-sidenja?search=%D0%A7%D0%B5%D1%85%D0%BE%D0%BB","15.05.2026",""
"https://bus-com.ru/stekla-na-iveco-daily?search=iveco","15.05.2026","Купить стекла на Ивеко Дэйли"
"https://bus-com.ru/detali-kuzova-mikroavtobusa/komplektuyushchie-stekol/zamok-fortochki-mikroavtobusa-3","14.05.2026","Замок (защелка) форточки микроавтобуса STF3"
"https://bus-com.ru/turkey/komfort-block-alis","13.05.2026","Товар не найден!"
"https://bus-com.ru/turkey/kolpaki-hrom","13.05.2026","Колпаки - Mercedes Sprinter / Volkswagen Crafter купить"
"https://bus-com.ru/turkey/nakladki-na-radiator-2","13.05.2026","Накладка на радиатор - Mercedes Sprinter 515 новый кузов купить"
"https://bus-com.ru/storki-dlya-mikroavtobusov?page=2","11.05.2026","Шторки для микроавтобусов купить"
"https://bus-com.ru/index.php?route=product/search&search=%D1%86%D0%B0%D0%BD%D0%B3%D0%BE%D0%B2%D0%BE%D0%B5%20%D0%BA%D1%80%D0%B5%D0%BF%D0%BB%D0%B5%D0%BD%D0%B8%D0%B5","06.05.2026","Поиск - цанговое крепление"
"https://bus-com.ru/turisticheskiy-salon-mikroavtobusa","03.05.2026","Туристический салона микроавтобуса"
"https://bus-com.ru/index.php?route=product/search&search=%D0%9B%D0%B8%D0%BD%D0%BE%D0%BB%D0%B5%D1%83%D0%BC%20%D0%B0%D0%BD%D1%82%D0%B8%D1%81%D0%BA%D0%BE%D0%BB%D1%8C%D0%B7%D1%8F%D1%89%D0%B8%D0%B9%20%D1%82%D1%80%D0%B0%D0%BD%D1%81%D0%BF%D0%BE%D1%80%D1%82%D0%BD%D1%8B%D0%B9%20%D1%81%20%D0%BA%D1%80%D0%BE%D1%88%D0%BA%D0%BE%D0%B9","01.05.2026","Поиск - Линолеум антискользящий транспортный с крошкой"
"https://bus-com.ru/index.php?route=product/search&search=%D0%9F%D0%BE%D0%B4%D0%BB%D0%BE%D0%BA%D0%BE%D1%82%D0%BD%D0%B8%D0%BA%20%D0%BF%D0%B0%D0%B7%20%20%D0%B2%D0%B5%D0%BA%D1%82%D0%BE%D1%80","30.04.2026","Поиск - Подлокотник паз  вектор"
"https://bus-com.ru/ljuki/komplekt-lljuka-maliy-radius","28.04.2026","Аварийно-вентиляционный люк Ford Transit 580 × 780 мм купить"
"https://bus-com.ru/index.php?route=product/search&search=%D0%A0%D0%B5%D0%B7%D0%B8%D0%BD%D0%BE%D0%B2%D1%8B%D0%B9%20%D0%BC%D0%BE%D0%BB%D0%B4%D0%B8%D0%BD%D0%B3%20%D1%81%D1%82%D0%B5%D0%BA%D0%BB%D1%8F%D0%BD%D0%BD%D0%BE%D0%B3%D0%BE%20%D0%BB%D1%8E%D0%BA%D0%B0","23.04.2026","Поиск - Резиновый молдинг стеклянного люка"
"https://bus-com.ru/index.php?route=product/search&search=%D0%A0%D0%B5%D0%B7%D0%B8%D0%BD%D0%BA%D0%B0%20%D0%BB%D1%8E%D0%BA%D0%B0","23.04.2026","Поиск - Резинка люка"
"https://bus-com.ru/index.php?route=product/search&search=%D0%A0%D0%B5%D0%B7%D0%B8%D0%BD%D0%BE%D0%B2%D1%8B%D0%B9%20%D1%83%D0%BF%D0%BB%D0%BE%D1%82%D0%BD%D0%B8%D1%82%D0%B5%D0%BB%D1%8C%20%D0%BB%D1%8E%D0%BA%D0%B0","23.04.2026","Поиск - Резиновый уплотнитель люка"
"https://bus-com.ru/index.php?route=product/search&search=%D0%BD%D0%B9%D1%8E%D0%A9%20%D0%90%D1%80%D0%B8%D0%BD%D0%B0","22.04.2026","Поиск - нйюЩ Арина"
"https://bus-com.ru/index.php?route=product/search&search=%D0%A8%D1%82%D0%BE%D1%80%D0%BA%D0%B8","21.04.2026","Поиск - Шторки"
"https://bus-com.ru/index.php?route=product/product&product_id=474&search=%D0%9F%D0%BE%D0%B2%D0%BE%D1%80%D0%BE%D1%82%D0%BD%D1%8B%D0%B9+%D0%BC%D0%B5%D1%85%D0%B0%D0%BD%D0%B8%D0%B7%D0%BC","21.04.2026","Поворотный механизм сидения усиленный купить"
"https://bus-com.ru/kondicionery/condicioner-na-mercedes-9,5-nakrishniy","21.04.2026","Товар не найден!"
"https://bus-com.ru/russia/chehol-dlya-sidenja","21.04.2026","Товар не найден!"
"https://bus-com.ru/index.php?route=product/search&search=%D0%A8%D1%82%D0%BE%D1%80%D1%8B%20%D0%A0%D0%B5%D0%BD%D0%BE%20%D0%BC%D0%B0%D1%81%D1%82%D0%B5%D1%80","20.04.2026","Поиск - Шторы Рено мастер"
"https://bus-com.ru/kolpaki-hrom?search=%D0%9A%D0%BE%D0%BB%D0%BF%D0%B0%D0%BA%20","16.04.2026","Колпаки - Mercedes Sprinter / Volkswagen Crafter купить"
"https://bus-com.ru/index.php?route=product/search&search=%D0%97%D0%B0%D0%B4%D0%BD%D1%8F%D1%8F%20%D0%BF%D0%BE%D0%B4%D0%BD%D0%BE%D0%B6%D0%BA%D0%B0%20%D1%84%D0%BE%D1%80%D0%B4%20%D1%82%D1%80%D0%B0%D0%BD%D0%B7%D0%B8%D1%82","15.04.2026","Поиск - Задняя подножка форд транзит"
"https://bus-com.ru/index.php?route=product/search&search=%D1%81%D0%B5%D1%82%D0%BA%D0%B0","15.04.2026","Поиск - сетка"
"https://bus-com.ru/index.php?route=product/product&product_id=66","13.04.2026","Столик на спинку сиденья купить"
"https://bus-com.ru/webasto-2","13.04.2026","Товар не найден!"
"https://bus-com.ru/index.php?route=product/search&search=%D0%A4%D0%BE%D1%80%D1%82%D0%BE%D1%87%D0%BA%D0%B8%20%D0%B2%20%D0%B0%D0%B2%D1%82%D0%BE%D0%B4%D0%BE%D0%BC","09.04.2026","Поиск - Форточки в автодом"
"https://bus-com.ru/konidicionery-i-otopiteli-dlya-mikroavtobusa/komfort-block-temsa","09.04.2026","Товар не найден!"
"https://bus-com.ru/russia/kozhuh-arki-ford-transit-peredniy-privod-odnoskatka","09.04.2026","Товар не найден!"
"https://bus-com.ru/shtorki-dlya-mikroavtobusa-poshtuchno?search=%D0%A8%D1%82%D0%BE%D1%80%D0%BA%D0%B8","09.04.2026","Шторки для микроавтобуса (поштучно) купить"
"https://bus-com.ru/russia/shtorki-na-mercedes-sprinter?sort=p.model&order=DESC&page=2&limit=50","06.04.2026","Шторки на Mercedes Sprinter купить"
"https://bus-com.ru/russia/stolik-na-spinku?page=6","03.04.2026","Столик на спинку сиденья купить"
"https://bus-com.ru/index.php?route=product%2Fmanufacturer","03.04.2026","Найди свой бренд"
"https://bus-com.ru/detali-kuzova-mikroavtobusa/nakladka-na-luchok-benzobaka","03.04.2026","Накладка на лючок бензобака - Mercedes Sprinter / Volkswagen Crafter купить"
"https://bus-com.ru/russia/zamok-fortochki-mikroavtobusa-3","24.03.2026","Замок (защелка) форточки микроавтобуса STF3"
"https://bus-com.ru/detali-pola/profil-svetodiodniy-8","22.03.2026","Товар не найден!"
"https://bus-com.ru/index.php?route=product/search&search=%D0%A4%D0%BE%D1%80%D1%82%D0%BE%D1%87%D0%BA%D0%B8%20%D0%B2%20%D0%B0%D0%B2%D1%82%D0%BE%D0%B4%D0%BE%D0%BC&category_id=63&description=true","20.03.2026","Поиск - Форточки в автодом"
"https://bus-com.ru/index.php?route=product/search&search=%D0%A4%D0%BE%D1%80%D1%82%D0%BE%D1%87%D0%BA%D0%B8","20.03.2026","Поиск - Форточки"
"https://bus-com.ru/russia/setka-na-spinku-sidenja","19.03.2026","Сетка на спинку сиденья купить"
"https://bus-com.ru/turkey/moldingi","19.03.2026","Молдинги - Mercedes Sprinter / Volkswagen Crafter купить"
"https://bus-com.ru/index.php?route=product/product&product_id=406","16.03.2026","Купить стекла на Фольксваген Крафтер (короткая база)"
"https://bus-com.ru/index.php?route=product/search&search=%D0%B1%D0%BB%D0%BE%D0%BA%20%D1%83%D0%BF%D1%80%D0%B0%D0%B2%D0%BB%D0%B5%D0%BD%D0%B8%D1%8F%20","16.03.2026","Поиск - блок управления "
"https://bus-com.ru/turkey/nakladka-na-zerkala-treugolnik?page=3","14.03.2026","Накладка на зеркала (треугольник) - Mercedes Sprinter / Volkswagen Crafter"
"https://bus-com.ru/index.php?route=product/search&search=%D0%A2%D1%80%D0%BE%D0%B9%D0%BD%D0%BE%D0%B5%20%D1%81%D0%B8%D0%B4%D0%B5%D0%BD%D0%B8%D0%B5%20%D0%B2%20%D0%BC%D0%B8%D0%BA%D1%80%D0%BE%D0%B0%D0%B2%D1%82%D0%BE%D0%B1%D1%83%D1%81%20","09.03.2026","Поиск - Тройное сидение в микроавтобус "
"https://bus-com.ru/index.php?_route_=sidenja-i-komplektuyshie/sidenja-dlya-microavtobusov/sidenje-avtolie-lux","06.03.2026","Автобусное сиденье Сиденье Автолайн Люкс купить"
"https://bus-com.ru/detali-kuzova-mikroavtobusa/stekla-na-ford-transit-lwb","27.02.2026","Купить стекла на Форд LWB"
"https://bus-com.ru/sidene-inturist-lyuks","27.02.2026","Установка сиденья для микроавтобусов"
"https://bus-com.ru/komplektuyshie-dlya-sidenij/chehol-dlya-sidenja","27.02.2026","Товар не найден!"
"https://bus-com.ru/turkey/komfort-block-man","26.02.2026","Товар не найден!"
"https://bus-com.ru/storki-dlya-mikroavtobusov/shtorki-na-gazel-next-karkasnik","26.02.2026","Товар не найден!"
"https://bus-com.ru/index.php?_route_=sidenja-i-komplektuyshie/skladnoj-mechanism-sidenja","23.02.2026","Складной механизм сиденья купить"
"https://bus-com.ru/index.php?route=product/search&search=%D0%A1%D1%82%D0%B5%D0%BA%D0%BB%D0%BE%20%D0%BD%D0%B0%20%D0%B7%D0%B0%D0%B4%D0%BD%D1%8E%D1%8E%20%D0%BF%D1%80%D0%B0%D0%B2%D1%83%D1%8E%20%D0%B4%D0%B2%D0%B5%D1%80%D1%8C%20%D0%9F%D0%B5%D0%B6%D0%BE%20%D0%B1%D0%BE%D0%BA%D1%81%D1%91%D1%80%203","23.02.2026","Поиск - Стекло на заднюю правую дверь Пежо боксёр 3"
"https://bus-com.ru/russia/molotochek-dlya-stekla-v-mikroavtobus-2","21.02.2026","Купить Молоточек для стекла в микроавтобус"
"https://bus-com.ru/pervyj-podvid-podiuma","13.02.2026","Первый подвид подиума"
"https://bus-com.ru/turkey/nakladka-na-porogi?page=2","13.02.2026","Накладка на пороги - Mercedes Sprinter / Volkswagen Crafter купить"
"https://bus-com.ru/index.php?route=product/search&search=%D0%9E%D0%B1%D1%88%D0%B8%D0%B2%D0%BA%D0%B0%20%D0%BF%D0%BB%D0%B0%D1%81%D1%82%D0%B8%D0%BA%20%D0%BD%D0%B0%20%D0%BA%D0%B0%D0%BF%D0%BE%D1%82","08.02.2026","Поиск - Обшивка пластик на капот"
"https://bus-com.ru/index.php?route=product/search&search=%20%20%20%D0%A0%D0%B5%D0%BB%D1%8C%D1%81%20%D0%B4%D0%BB%D1%8F%20%D0%BA%D1%80%D0%B5%D0%BF%D0%BB%D0%B5%D0%BD%D0%B8%D1%8F%20%D1%81%D0%B8%D0%B4%D0%B5%D0%BD%D0%B8%D0%B9","03.02.2026","Поиск -    Рельс для крепления сидений"
"https://bus-com.ru/sidenja-i-komplektuyshie/sidenja-dlya-microavtobusov/sidenje-sobol-komfort?parent-reqid=1710861254977898-14619895782660929906-balancer-l7leveler-kubr-yp-vla-145-BAL&parent-baobab-id=ltyimigd0","20.01.2026","Сиденье водительское купить"
"https://bus-com.ru/russia/nozhki-parnogo-kreplenija-sidenij?page=9","17.01.2026","Ножки парного крепления сидений купить"
"https://bus-com.ru/detali-kuzova-mikroavtobusa/stekla-na-ford-transit-2014","11.01.2026","Купить стекла на Форд Транзит Джамбо 2014"
"https://bus-com.ru/index.php?route=product/search&search=%D0%94%D0%BE%D0%B1%D1%80%D0%BE%D0%B3%D0%BE%20%D0%B2%D1%80%D0%B5%D0%BC%D0%B5%D0%BD%D0%B8%20%D0%BB%D0%B5%D0%B2%D0%B0%D1%8F%20%D1%81%D0%B0%D0%BB%D0%BE%D0%BD%D0%BD%D0%B0%D1%8F%201119.79%20","11.01.2026","Поиск - Доброго времени левая салонная 1119.79 "
"https://bus-com.ru/turkey/nakladka-na-zerkala?page=3","10.01.2026","Накладка на зеркала - Mercedes Sprinter / Volkswagen Crafter купить"
"https://bus-com.ru/turkey/kvadratnaya-odinochnaya-batareya","10.01.2026","Товар не найден!"
"https://bus-com.ru/konidicionery-i-otopiteli-dlya-mikroavtobusa/vozduhovody/vozduhovody-aura","04.01.2026","Товар не найден!"
"https://bus-com.ru/turkey/nakladki-na-ruchki?page=3","29.12.2025","Накладка на ручки - Mercedes Sprinter / Volkswagen Crafter купить"
"https://bus-com.ru/russia/shtorki-dlya-mikroavtobusa-poshtuchno?page=8","29.12.2025","Шторки для микроавтобуса (поштучно) купить"
"https://bus-com.ru/russia/podgolovnik-na-lipuchkah-s-vishivkoj?page=4","20.12.2025","Подголовник на липучках с вышивкой купить"
"https://bus-com.ru/index.php?product_id=428&route=product/product","16.12.2025","Купить Молоточек для стекла в микроавтобус"
"https://bus-com.ru/nakladki-na-zerkala-plastik?tag=%D0%9D%D0%B0%D0%BA%D0%BB%D0%B0%D0%B4%D0%BA%D0%B0%20%D0%BD%D0%B0%20%D0%B7%D0%B5%D1%80%D0%BA%D0%B0%D0%BB%D0%B0%20%28%D0%BF%D0%BB%D0%B0%D1%81%D1%82%D0%B8%D0%BA%29%20-%20Mercedes%20Sprinter%20%2F%20Volkswagen%20Crafter","16.12.2025","Накладка на зеркала (пластик) - Mercedes Sprinter / Volkswagen Crafter купить"
"https://bus-com.ru/index.php?_route_=sidenja-i-komplektuyshie/komplektuyshie-dlya-sidenij/nozhki-kreplenija-sidenja","16.12.2025","Ножки крепления сиденья купить"
"https://bus-com.ru/detali-salona/shtorki-na-iveco-daily","03.12.2025","Шторки на IVECO Daily купить"
"https://bus-com.ru/index.php?route=product/compare","03.12.2025","Сравнение товаров"
"https://bus-com.ru/nakladka-na-nomer-s-nadpisju?tag=%D0%97%D0%B0%D0%B4%D0%BD%D0%B8%D0%B9%20%D0%BD%D0%BE%D0%BC%D0%B5%D1%80%20%D1%81%20%D0%BD%D0%B0%D0%B4%D0%BF%D0%B8%D1%81%D1%8C%D1%8E%20-%20Mercedes%20Sprinter%20%2F%20Volkswagen%20Crafter","03.12.2025","Задний номер с надписью - Mercedes Sprinter / Volkswagen Crafter купить"
"https://bus-com.ru/turkey/nakladka-na-zerkala?page=2","28.11.2025","Накладка на зеркала - Mercedes Sprinter / Volkswagen Crafter купить"
"https://bus-com.ru/index.php?product_id=429&route=product/product","27.11.2025","Заглушка резиновая в рельсы (салазки) сидений купить"
"https://bus-com.ru/stolik-otkidnoi-dlya-mikroavtobusa?search=%D1%81%D1%82%D0%BE%D0%BB%D0%B8%D0%BA%20%D0%BE%D1%82%D0%BA%D0%B8%D0%B4%D0%BD%D0%BE%D0%B9","22.11.2025","Столик откидной от борта микроавтобуса купить"
"https://bus-com.ru/index.php?route=product/search&search=%D0%A0%D1%83%D1%87%D0%BA%D0%B0","22.11.2025","Поиск - Ручка"
"https://bus-com.ru/russia/shtorki-na-gazel-next-19?page=8","22.11.2025","Шторки на Газель Next (цельнометаллический) 19 мест купить"
"https://bus-com.ru/nakladka-na-zerkala?tag=%D0%9D%D0%B0%D0%BA%D0%BB%D0%B0%D0%B4%D0%BA%D0%B0%20%D0%BD%D0%B0%20%D0%B7%D0%B5%D1%80%D0%BA%D0%B0%D0%BB%D0%B0%20-%20Mercedes%20Sprinter%20%2F%20Volkswagen%20Crafter","20.11.2025","Накладка на зеркала - Mercedes Sprinter / Volkswagen Crafter купить"
"https://bus-com.ru/detali-salona/osveshenie?page=2","20.11.2025","Освещение в салон микроавтобуса купить"
"https://bus-com.ru/russia/setka-na-spinku-sidenja?page=6","20.11.2025","Сетка на спинку сиденья купить"
"https://bus-com.ru/nakladki-na-ruchki?tag=%D0%9D%D0%B0%D0%BA%D0%BB%D0%B0%D0%B4%D0%BA%D0%B0%20%D0%BD%D0%B0%20%D1%80%D1%83%D1%87%D0%BA%D0%B8%20-%20Mercedes%20Sprinter%20%2F%20Volkswagen%20Crafter","20.11.2025","Накладка на ручки - Mercedes Sprinter / Volkswagen Crafter купить"
"https://bus-com.ru/moldingi?tag=%D0%9C%D0%BE%D0%BB%D0%B4%D0%B8%D0%BD%D0%B3%D0%B8%20-%20Mercedes%20Sprinter%20%2F%20Volkswagen%20Crafter","20.11.2025","Молдинги - Mercedes Sprinter / Volkswagen Crafter купить"
"https://bus-com.ru/russia/podgolovnikj-na-lipuchkah?page=5","19.11.2025","Подголовник на липучках для сиденья автобуса купить"
"https://bus-com.ru/russia/termo-shumoizolyaciya-dlya-mikroavtobusa-izolon-8mm?page=7","18.11.2025","Термо-шумоизоляция для микроавтобуса Изолон 8мм купить"
"https://bus-com.ru/russia/podgolovnikj-na-lipuchkah?page=4","07.11.2025","Подголовник на липучках для сиденья автобуса купить"
"https://bus-com.ru/turkey/moldingi?page=2","07.11.2025","Молдинги - Mercedes Sprinter / Volkswagen Crafter купить"
"https://bus-com.ru/nakladka-na-zerkala-treugolnik?tag=%D0%9D%D0%B0%D0%BA%D0%BB%D0%B0%D0%B4%D0%BA%D0%B0%20%D0%BD%D0%B0%20%D0%B7%D0%B5%D1%80%D0%BA%D0%B0%D0%BB%D0%B0%20%28%D1%82%D1%80%D0%B5%D1%83%D0%B3%D0%BE%D0%BB%D1%8C%D0%BD%D0%B8%D0%BA%29%20-%20Mercedes%20Sprinter%20%2F%20Volkswagen%20Crafter","29.10.2025","Накладка на зеркала (треугольник) - Mercedes Sprinter / Volkswagen Crafter"
"https://bus-com.ru/gaz/m1-seat","25.10.2025","Товар не найден!"
"https://bus-com.ru/index.php?route=product/product&product_id=426","25.10.2025","Оклейка бортов и потолка эко-кожей"
"https://bus-com.ru/ljuki/luk-na-mikroavtobus-45-50","25.10.2025","Товар не найден!"
"https://bus-com.ru/russia/termo-shumoizolyaciya-dlya-mikroavtobusa-izolon-4mm?page=8","13.10.2025","Термо-шумоизоляция для микроавтобуса Изолон 4мм купить"
"https://bus-com.ru/turkey/uplotnitel-okonniy-mercedes-sprinter?page=4","12.10.2025","Уплотнитель оконный на Mercedes Sprinter / Volkswagen Crafter купить"
"https://bus-com.ru/index.php?route=product/search&search=%D0%9D%D0%B0%D0%BF%D1%80%D0%B0%D0%B2%D0%BB%D1%8F%D1%8E%D1%89%D0%B8%D0%B5%20%D0%B4%D0%BB%D1%8F%20%D1%88%D1%82%D0%BE%D1%80%20","12.10.2025","Поиск - Направляющие для штор "
"https://bus-com.ru/turkey/profil-svetodiodniy-5?page=1","06.10.2025","Профиль светодиодный 5 для микроавтобуса"
"https://bus-com.ru/turkey/nakladka-na-luchok-benzobaka?page=3","03.10.2025","Накладка на лючок бензобака - Mercedes Sprinter / Volkswagen Crafter купить"
"https://bus-com.ru/turkey?limit=100","01.10.2025","Турция"
"https://bus-com.ru/turkey/nakladka-na-zerkala?page=4","27.09.2025","Накладка на зеркала - Mercedes Sprinter / Volkswagen Crafter купить"
"https://bus-com.ru/turkey/nakladki-na-zerkala-plastik?page=3","27.09.2025","Накладка на зеркала (пластик) - Mercedes Sprinter / Volkswagen Crafter купить"
"https://bus-com.ru/russia/shtorki-na-iveco-daily","15.09.2025","Шторки на IVECO Daily купить"
"https://bus-com.ru/russia/shtorki-dlya-mikroavtobusa-poshtuchno?page=7","03.09.2025","Шторки для микроавтобуса (поштучно) купить"
"https://bus-com.ru/detali-kuzova-mikroavtobusa/stekla-na-citroen-jumper-l3","29.08.2025","Купить стекла на Citroen Jumper L3"
"https://bus-com.ru/turkey/lampa-spot?page=1","25.08.2025","Лампа Спот для микроавтобуса купить"
"https://bus-com.ru/index.php?route=product/search&search=%D0%9D%D0%B5%D0%BA%D1%81%D1%82","17.08.2025","Поиск - Некст"
"https://bus-com.ru/stolik-s-elektroprivodom-dlya-mikroavtobusa?search=%D0%A1%D1%82%D0%BE%D0%BB%20","31.07.2025","Столик с электроприводом для микроавтобуса купить"
"https://bus-com.ru/turkey/nakladka-na-zerkala-treugolnik?page=2","15.07.2025","Накладка на зеркала (треугольник) - Mercedes Sprinter / Volkswagen Crafter"
"https://bus-com.ru/konidicionery-i-otopiteli-dlya-mikroavtobusa/ljuki/luk-na-mikroavtobus-45-50","14.07.2025","Товар не найден!"
"https://bus-com.ru/remni-bezopasanosti?product_id=261","08.07.2025","Товар не найден!"
"https://bus-com.ru/turkey/nakladki-na-zerkala-plastik?page=2","08.07.2025","Накладка на зеркала (пластик) - Mercedes Sprinter / Volkswagen Crafter купить"
"https://bus-com.ru/detali-kuzova-mikroavtobusa/stekla-na-ford-transit-mvb","06.07.2025","Купить стекла на Форд MWB"
"https://bus-com.ru/turkey/lampa-kapelka?page=1","03.07.2025","Лампа Капелька для микроавтобуса купить"
"https://bus-com.ru/turkey/nakladka-na-porogi?page=3","03.07.2025","Накладка на пороги - Mercedes Sprinter / Volkswagen Crafter купить"
"https://bus-com.ru/bampery?product_id=379","01.07.2025","Товар не найден!"
"https://bus-com.ru/turkey/svetilnik-v-porog","25.06.2025","Товар не найден!"
"https://bus-com.ru/index.php?route=product/search&search=%D0%9A%D0%BE%D0%BC%D0%BF%D0%BB%D0%B5%D0%BA%D1%82%D1%83%D1%8E%D1%89%D0%B8%D0%B5","15.06.2025","Поиск - Комплектующие"
"https://bus-com.ru/detali-pola/profil-svetodiodniy-11","13.06.2025","Товар не найден!"
"https://bus-com.ru/turkey/profil-svetodiodniy-3","26.04.2025","Товар не найден!"
"https://bus-com.ru/index.php?route=product/search&search=%D0%9D%D0%B0%D0%BF%D1%80%D0%B0%D0%B2%D0%BB%D1%8F%D1%8E%D1%89%D0%B8%D0%B5%20","22.04.2025","Поиск - Направляющие "
"https://bus-com.ru/detali-salona/detali-pola/profil-svetodiodniy-8","20.04.2025","Товар не найден!"
"https://bus-com.ru/turkey/profil-svetodiodniy-8","29.03.2025","Товар не найден!"
"https://bus-com.ru/index.php?route=product/search&search=%D0%98%D0%B2%D0%B5%D0%BA%D0%BE%20%D0%B4%D0%B5%D0%B9%D0%BB%D0%B8","22.03.2025","Поиск - Ивеко дейли"
"https://bus-com.ru/detali-salona/svetilnik-v-porog","18.01.2025","Товар не найден!"
"https://bus-com.ru/turkey/sidenije-turisticheskoe-grl","13.12.2024","Товар не найден!"
"https://bus-com.ru/stekla-na-volkswagen-crafter-2017-lwb?search=Crafter%202017","10.10.2024","Стекла на Volkswagen Crafter 2017 LWB"
"https://bus-com.ru/osveshenie/svetodiodnaya-lenta","03.06.2024","Товар не найден!"
"https://bus-com.ru/sidenja-i-komplektuyshie/31039797174.htm","24.03.2024",""
"https://bus-com.ru/index.php?route=product/category&path=89","21.03.2024","Oliver Gal 大きめ 61x61cm La Bella Vita キャンバス-  "
"https://bus-com.ru/31039797170.htm","19.03.2024","レディースファッション>財布・小物>コインケース・小銭入れ   "
"https://bus-com.ru/shtorki-dlya-mikroavtobusa?search=%D0%A8%D1%82%D0%BE%D1%80%D0%BA%D0%B8%20","14.03.2024","Шторки для микроавтобуса купить"
"https://bus-com.ru/index.php?route=information/contact/success","11.03.2024","Обратная связь"
"https://bus-com.ru/detali-kuzova-mikroavtobusa/stekla-na-citroen-jumper-l2","18.10.2023","Купить стекла на Citroen Jumper L2"
"https://bus-com.ru/detali-kuzova-mikroavtobusa/stekla-na-fiat-ducato-l4","24.09.2023","Купить стекла на Фиат Дукато L4"
"https://bus-com.ru/gazel/shtorki-na-peugeot-boxer","11.05.2023","Шторки на Peugeot Boxer купить"
