"Path","Dates range","Impressions","Clicks","CTR %","Avg. position","Avg. click position","Impressions for 1st position","Clicks from pos. 1","CTR % for pos. 1","Impressions for pos. 2-3","Clicks from pos. 2-3","CTR % for pos. 2-3","Avg. impression position for pos. 2-3","Avg. click position from pos. 2-3","Impressions for pos. 4-10","Clicks from pos. 4-10","CTR % for pos. 4-10","Avg. impression position for pos. 4-10","Avg. click position from pos. 4-10","Impressions for pos. 11-50","Clicks from pos. 11-50","CTR % for pos. 11-50","Avg. impression position for pos. 11-50","Avg. click position from pos. 11-50"
"/sidenja-dlya-microavtobusov","2026-06-30 - 2026-09-28","4769.00","242.00","5.07","8.97","6.10","55.00","13.00","23.64","362.00","58.00","16.02","2.64","2.50","3078.00","137.00","4.45","7.12","6.07","1274.00","34.00","2.67","15.59","14.32"
"/shtorki-na-gazel-next-19","2026-06-30 - 2026-09-28","2433.00","108.00","4.44","8.87","4.85","52.00","17.00","32.69","155.00","28.00","18.06","2.55","2.39","1437.00","52.00","3.62","7.51","5.79","789.00","11.00","1.39","13.11","12.64"
"/sidenje-inturist-lux","2026-06-30 - 2026-09-28","2381.00","193.00","8.11","7.21","3.85","108.00","53.00","49.07","304.00","59.00","19.41","2.54","2.37","1575.00","70.00","4.44","6.74","5.59","394.00","11.00","2.79","14.40","14.45"
"/","2026-06-30 - 2026-09-28","2313.00","123.00","5.32","7.42","4.05","124.00","49.00","39.52","261.00","28.00","10.73","2.61","2.57","1558.00","35.00","2.25","6.79","5.66","370.00","11.00","2.97","15.58","16.27"
"/stolik-otkidnoi-dlya-mikroavtobusa","2026-06-30 - 2026-09-28","2004.00","121.00","6.04","8.01","5.05","68.00","16.00","23.53","284.00","38.00","13.38","2.63","2.63","1180.00","56.00","4.75","6.57","6.02","472.00","11.00","2.33","15.87","14.36"
"/divan-analog-rivera","2026-06-30 - 2026-09-28","1726.00","86.00","4.98","7.65","5.52","43.00","6.00","13.95","180.00","23.00","12.78","2.61","2.52","1152.00","50.00","4.34","7.02","6.10","351.00","7.00","1.99","13.13","15.14"
"/universalnye-salazki-dlya-reguliruemogo-peremeshcheniya-sidenij","2026-06-30 - 2026-09-28","1453.00","54.00","3.72","8.38","6.44","28.00","1.00","3.57","135.00","16.00","11.85","2.55","2.44","831.00","29.00","3.49","7.41","7.00","459.00","8.00","1.74","12.31","13.13"
"/sidenje-sobol-komfort","2026-06-30 - 2026-09-28","1403.00","64.00","4.56","10.12","7.58","19.00","5.00","26.32","89.00","11.00","12.36","2.63","2.91","865.00","36.00","4.16","7.26","6.81","430.00","12.00","2.79","17.82","16.92"
"/komplekt-lljuka-maliy-radius","2026-06-30 - 2026-09-28","1191.00","99.00","8.31","6.51","4.21","75.00","16.00","21.33","175.00","38.00","21.71","2.63","2.61","772.00","40.00","5.18","6.65","5.90","169.00","5.00","2.96","12.37","13.20"
"/shtorki-dlya-mikroavtobusa","2026-06-30 - 2026-09-28","1171.00","41.00","3.50","9.38","8.34","4.00","1.00","25.00","30.00","5.00","16.67","2.67","2.60","720.00","23.00","3.19","7.57","6.09","417.00","12.00","2.88","13.08","15.67"
"/stolik-novogo-obrazca-skladnoj-na-spinku-sidenya","2026-06-30 - 2026-09-28","1136.00","52.00","4.58","8.15","3.38","78.00","29.00","37.18","102.00","5.00","4.90","2.45","2.20","603.00","15.00","2.49","7.03","6.73","353.00","3.00","0.85","13.30","11.67"
"/divan-raskladnoj-na-gazel-gazon","2026-06-30 - 2026-09-28","963.00","51.00","5.30","9.72","7.98","4.00","2.00","50.00","19.00","13.00","68.42","2.68","2.31","576.00","20.00","3.47","7.75","6.25","364.00","16.00","4.40","13.31","15.63"
"/napravlyayushchie-shtorok","2026-06-30 - 2026-09-28","920.00","40.00","4.35","11.40","9.70","4.00","2.00","50.00","12.00","3.00","25.00","2.42","2.33","386.00","20.00","5.18","8.07","6.60","518.00","15.00","2.90","14.18","16.47"
"/obshivka-salona-citroen-jumper-peugeot-boxer-fiat-ducato","2026-06-30 - 2026-09-28","917.00","76.00","8.29","8.49","7.36","18.00","1.00","5.56","77.00","22.00","28.57","2.60","2.50","590.00","37.00","6.27","7.30","6.84","232.00","16.00","6.90","14.07","15.63"
"/obshivka-salona-ford-transit","2026-06-30 - 2026-09-28","907.00","48.00","5.29","9.51","7.04","18.00","4.00","22.22","84.00","6.00","7.14","2.46","2.33","502.00","30.00","5.98","7.25","6.50","303.00","8.00","2.64","15.72","15.63"
"/bokovaya-podnozhka-gazel-next-gazel-nn-1","2026-06-30 - 2026-09-28","885.00","68.00","7.68","7.05","5.00","51.00","14.00","27.45","137.00","16.00","11.68","2.56","2.75","525.00","31.00","5.90","6.85","6.16","172.00","7.00","4.07","13.04","13.00"
"/remen-bezopasnosti-2-staticheskiy","2026-06-30 - 2026-09-28","811.00","14.00","1.73","9.26","7.29","5.00","0.00","0.00","44.00","1.00","2.27","2.45","3.00","470.00","11.00","2.34","7.66","6.82","292.00","2.00","0.68","13.00","12.00"
"/divan-s-peregorodkoi-analog-rivera","2026-06-30 - 2026-09-28","730.00","68.00","9.32","7.23","4.37","36.00","13.00","36.11","136.00","22.00","16.18","2.57","2.50","406.00","28.00","6.90","6.67","5.82","152.00","5.00","3.29","14.38","13.20"
"/index.php?route=product/product&product_id=470","2026-06-30 - 2026-09-28","690.00","78.00","11.30","6.13","3.26","58.00","18.00","31.03","149.00","31.00","20.81","2.54","2.42","382.00","28.00","7.33","6.29","5.32","101.00","1.00","0.99","13.78","12.00"
"/passazhirskoe-sidene-lyuks-kategorii-m1","2026-06-30 - 2026-09-28","660.00","4.00","0.61","8.07","1.75","23.00","3.00","13.04","27.00","0.00","0.00","2.56","","477.00","1.00","0.21","7.58","4.00","133.00","0.00","0.00","12.15",""
"/relsy-kreplenija","2026-06-30 - 2026-09-28","629.00","49.00","7.79","9.10","5.37","10.00","9.00","90.00","44.00","9.00","20.45","2.57","2.56","377.00","26.00","6.90","7.38","5.92","198.00","5.00","2.53","14.24","15.40"
"/sidenje-barguzin","2026-06-30 - 2026-09-28","615.00","41.00","6.67","6.83","5.63","34.00","10.00","29.41","92.00","9.00","9.78","2.66","2.67","386.00","15.00","3.89","6.78","6.27","103.00","7.00","6.80","12.67","14.71"
"/sidene-voditelya-next-na-pruzhine","2026-06-30 - 2026-09-28","598.00","25.00","4.18","10.09","7.84","7.00","2.00","28.57","24.00","5.00","20.83","2.58","2.20","309.00","11.00","3.56","7.59","6.73","258.00","7.00","2.71","14.03","15.57"
"/bokovaya-podnozhka-gazel-next-gazel-nn","2026-06-30 - 2026-09-28","593.00","37.00","6.24","8.78","5.43","29.00","6.00","20.69","50.00","9.00","18.00","2.54","2.33","304.00","17.00","5.59","7.47","6.29","210.00","5.00","2.38","13.23","13.40"
"/navesnoi-bagazhnik-gazel-next","2026-06-30 - 2026-09-28","568.00","85.00","14.96","6.00","2.44","90.00","47.00","52.22","136.00","23.00","16.91","2.64","2.39","260.00","13.00","5.00","6.90","6.08","82.00","2.00","2.44","14.20","13.00"
"/electroprivod-sdvizhnoi-dveri-dvuhmotorniy-turcia","2026-06-30 - 2026-09-28","551.00","21.00","3.81","9.74","9.14","5.00","2.00","40.00","22.00","2.00","9.09","2.77","2.50","305.00","12.00","3.93","7.70","6.50","219.00","5.00","2.28","13.47","21.40"
"/stekla-na-mercedes-sprinter-classic-411-dlinnaya-baza","2026-06-30 - 2026-09-28","550.00","19.00","3.45","9.66","6.32","6.00","4.00","66.67","22.00","5.00","22.73","2.55","2.40","318.00","6.00","1.89","7.85","7.33","204.00","4.00","1.96","13.50","15.00"
"/sidene-voditelya-city","2026-06-30 - 2026-09-28","533.00","25.00","4.69","11.33","9.68","10.00","2.00","20.00","20.00","1.00","5.00","2.35","2.00","246.00","11.00","4.47","7.57","7.82","257.00","11.00","4.28","16.04","13.82"
"/fvu","2026-06-30 - 2026-09-28","451.00","20.00","4.43","8.49","9.45","7.00","1.00","14.29","39.00","2.00","5.13","2.67","2.00","293.00","13.00","4.44","7.14","6.46","112.00","4.00","3.57","14.52","25.00"
"/osveshenie","2026-06-30 - 2026-09-28","436.00","34.00","7.80","10.13","5.65","6.00","4.00","66.67","39.00","10.00","25.64","2.46","2.60","248.00","15.00","6.05","7.27","6.67","143.00","5.00","3.50","17.57","12.40"
"/stekla-na-gazel-next-metal-srednyaa-baza","2026-06-30 - 2026-09-28","429.00","32.00","7.46","10.81","8.19","7.00","5.00","71.43","8.00","2.00","25.00","2.50","2.00","216.00","16.00","7.41","7.73","7.06","198.00","9.00","4.55","14.86","15.56"
"/komplektuyushchie-stekol","2026-06-30 - 2026-09-28","423.00","30.00","7.09","8.82","4.90","12.00","6.00","50.00","31.00","8.00","25.81","2.45","2.25","260.00","12.00","4.62","7.13","6.25","120.00","4.00","3.33","14.88","12.00"
"/podnozhka-bokovaya","2026-06-30 - 2026-09-28","409.00","52.00","12.71","7.49","5.58","29.00","11.00","37.93","55.00","10.00","18.18","2.53","2.50","237.00","25.00","10.55","7.19","6.52","88.00","6.00","6.82","13.51","15.17"
"/podium-dlya-katafalka-vydvizhnoy","2026-06-30 - 2026-09-28","397.00","37.00","9.32","6.36","4.05","22.00","6.00","27.27","99.00","14.00","14.14","2.55","2.71","226.00","17.00","7.52","6.25","6.24","50.00","0.00","0.00","16.74",""
"/bagazhnik-navesnoi-sprinter-classic","2026-06-30 - 2026-09-28","395.00","57.00","14.43","5.97","2.88","35.00","12.00","34.29","111.00","35.00","31.53","2.51","2.37","187.00","9.00","4.81","6.47","6.44","62.00","1.00","1.61","13.45","11.00"
"/poruchni","2026-06-30 - 2026-09-28","391.00","15.00","3.84","10.01","9.33","1.00","0.00","0.00","5.00","2.00","40.00","2.40","2.00","203.00","6.00","2.96","7.61","6.83","182.00","7.00","3.85","12.95","13.57"
"/shtorki-na-ford-transit-2014","2026-06-30 - 2026-09-28","372.00","25.00","6.72","9.39","4.96","7.00","6.00","85.71","14.00","6.00","42.86","2.64","2.83","192.00","10.00","5.21","7.81","6.40","159.00","3.00","1.89","12.27","12.33"
"/zaglushka-rezinovaya-v-relsy-salazki-sidenij","2026-06-30 - 2026-09-28","355.00","22.00","6.20","9.08","6.23","6.00","5.00","83.33","14.00","3.00","21.43","2.43","2.67","209.00","8.00","3.83","7.39","6.13","126.00","6.00","4.76","12.99","12.50"
"/komplektuyshie-dlya-sidenij","2026-06-30 - 2026-09-28","345.00","11.00","3.19","11.26","10.64","8.00","2.00","25.00","10.00","0.00","0.00","2.30","","172.00","5.00","2.91","7.79","5.20","155.00","4.00","2.58","16.23","22.25"
"/bokovaya-podnozhka-volkswagen-crafter-mercedes-benz-sprinter-1","2026-06-30 - 2026-09-28","329.00","19.00","5.78","8.70","5.68","6.00","2.00","33.33","21.00","6.00","28.57","2.33","2.50","196.00","9.00","4.59","7.43","7.44","106.00","2.00","1.89","12.75","12.00"
"/zamok-fortochki-mikroavtobusa-1","2026-06-30 - 2026-09-28","323.00","27.00","8.36","7.40","6.00","2.00","2.00","100.00","72.00","9.00","12.50","2.47","2.67","167.00","13.00","7.78","6.83","6.69","82.00","3.00","3.66","13.05","16.33"
"/zamok-fortochki-mikroavtobusa","2026-06-30 - 2026-09-28","313.00","52.00","16.61","6.66","5.27","37.00","7.00","18.92","42.00","15.00","35.71","2.45","2.47","185.00","27.00","14.59","7.01","6.74","49.00","3.00","6.12","13.22","16.00"
"/hrom-paket","2026-06-30 - 2026-09-28","311.00","21.00","6.75","9.18","6.48","4.00","2.00","50.00","11.00","3.00","27.27","2.73","2.67","194.00","13.00","6.70","7.76","7.15","102.00","3.00","2.94","12.89","11.00"
"/bokovaya-podnozhka-ford-transit-2006-2014gg","2026-06-30 - 2026-09-28","308.00","23.00","7.47","7.44","4.61","12.00","5.00","41.67","34.00","5.00","14.71","2.50","2.40","196.00","12.00","6.12","6.97","6.00","66.00","1.00","1.52","12.55","17.00"
"/stekla","2026-06-30 - 2026-09-28","304.00","23.00","7.57","8.77","6.78","6.00","2.00","33.33","23.00","2.00","8.70","2.52","2.50","186.00","17.00","9.14","7.29","6.12","89.00","2.00","2.25","14.01","22.50"
"/detali-kuzova-mikroavtobusa/stekla?page=2","2026-06-30 - 2026-09-28","262.00","16.00","6.11","8.05","4.63","5.00","3.00","60.00","14.00","2.00","14.29","2.86","2.00","182.00","10.00","5.49","7.13","5.50","61.00","1.00","1.64","12.59","12.00"
"/shtorki-mercedes-sprinter-classic","2026-06-30 - 2026-09-28","260.00","11.00","4.23","9.92","6.09","2.00","0.00","0.00","2.00","3.00","150.00","3.00","3.00","161.00","6.00","3.73","7.81","5.50","95.00","2.00","2.11","13.84","12.50"
"/stekla-na-iveco-daily","2026-06-30 - 2026-09-28","256.00","8.00","3.13","9.60","9.38","1.00","0.00","0.00","5.00","0.00","0.00","2.80","","155.00","6.00","3.87","7.82","7.33","95.00","2.00","2.11","12.95","15.50"
"/linoleum-antiskolzyashiy-transportniy","2026-06-30 - 2026-09-28","255.00","29.00","11.37","12.85","11.28","2.00","1.00","50.00","7.00","1.00","14.29","2.43","2.00","116.00","15.00","12.93","7.96","7.13","130.00","12.00","9.23","17.95","18.08"
"/poruchen-potolka","2026-06-30 - 2026-09-28","251.00","25.00","9.96","8.62","7.20","2.00","3.00","150.00","11.00","4.00","36.36","2.36","2.25","175.00","12.00","6.86","7.21","6.33","63.00","6.00","9.52","13.87","15.33"
"/informacionnye-naklejki-v-mikroavtobus","2026-06-30 - 2026-09-28","246.00","4.00","1.63","10.46","7.25","1.00","2.00","200.00","1.00","0.00","0.00","2.00","","106.00","1.00","0.94","8.18","6.00","138.00","1.00","0.72","12.33","21.00"
"/electroprivod-sdvizhnoi-dveri-moko-turcia","2026-06-30 - 2026-09-28","240.00","9.00","3.75","9.10","4.67","3.00","0.00","0.00","14.00","4.00","28.57","2.43","2.50","140.00","5.00","3.57","7.58","6.40","83.00","0.00","0.00","13.10",""
"/podgolovnik-na-lipuchkah-s-vishivkoj","2026-06-30 - 2026-09-28","239.00","17.00","7.11","8.59","5.82","4.00","0.00","0.00","18.00","3.00","16.67","2.67","2.67","138.00","13.00","9.42","7.45","6.08","79.00","1.00","1.27","12.33","12.00"
"/stekla-na-ford-transit-2014","2026-06-30 - 2026-09-28","234.00","3.00","1.28","11.15","9.67","2.00","1.00","50.00","8.00","0.00","0.00","2.50","","112.00","0.00","0.00","8.06","","112.00","2.00","1.79","15.03","14.00"
"/opora-kreplenie-passazhirskogo-sidenya-gazel-fermer-sdvizhnaya","2026-06-30 - 2026-09-28","234.00","11.00","4.70","9.74","10.45","3.00","1.00","33.33","5.00","0.00","0.00","2.80","","146.00","7.00","4.79","7.65","6.86","80.00","3.00","3.75","14.33","22.00"
"/komplektuyshie-dlya-sidenij?page=2","2026-06-30 - 2026-09-28","231.00","13.00","5.63","9.34","4.54","3.00","2.00","66.67","8.00","4.00","50.00","2.63","2.50","136.00","5.00","3.68","7.77","5.00","84.00","2.00","2.38","12.81","11.00"
"/sidenja-i-komplektuyshie","2026-06-30 - 2026-09-28","221.00","11.00","4.98","6.90","3.91","6.00","2.00","33.33","35.00","4.00","11.43","2.66","2.50","151.00","5.00","3.31","6.81","6.20","29.00","0.00","0.00","13.66",""
"/kronshtein-poruchnya-3","2026-06-30 - 2026-09-28","215.00","13.00","6.05","10.28","8.46","0.00","0.00","","2.00","0.00","0.00","2.50","","113.00","10.00","8.85","8.05","7.60","100.00","3.00","3.00","12.96","11.33"
"/shtorki-na-peugeot-boxer","2026-06-30 - 2026-09-28","210.00","19.00","9.05","7.16","5.47","7.00","1.00","14.29","20.00","1.00","5.00","2.50","3.00","144.00","17.00","11.81","6.75","5.88","39.00","0.00","0.00","12.18",""
"/opory-sidenij-dlya-mikroavtobusov","2026-06-30 - 2026-09-28","209.00","18.00","8.61","7.72","4.50","9.00","5.00","55.56","25.00","5.00","20.00","2.48","2.60","132.00","6.00","4.55","7.23","6.00","43.00","2.00","4.65","13.67","13.50"
"/skladnoj-mechanism-sidenja","2026-06-30 - 2026-09-28","203.00","17.00","8.37","11.71","10.53","2.00","0.00","0.00","7.00","1.00","14.29","3.00","3.00","86.00","9.00","10.47","8.03","6.78","108.00","7.00","6.48","15.40","16.43"
"/steklo-590h880mm-dlya-lyuka-530h820mm","2026-06-30 - 2026-09-28","200.00","19.00","9.50","6.73","4.47","12.00","3.00","25.00","38.00","5.00","13.16","2.71","2.60","117.00","10.00","8.55","6.68","4.90","33.00","1.00","3.03","13.58","20.00"
"/sidenje-avtolie-lux","2026-06-30 - 2026-09-28","197.00","30.00","15.23","5.34","2.50","21.00","10.00","47.62","41.00","15.00","36.59","2.54","2.47","118.00","5.00","4.24","6.08","5.60","17.00","0.00","0.00","12.29",""
"/stekla-na-peugeot-boxer-l3","2026-06-30 - 2026-09-28","196.00","4.00","2.04","9.78","6.50","2.00","1.00","50.00","9.00","0.00","0.00","2.67","","107.00","3.00","2.80","7.72","8.33","78.00","0.00","0.00","13.65",""
"/podlokotnik-reguliruemiy","2026-06-30 - 2026-09-28","194.00","4.00","2.06","10.06","10.75","0.00","0.00","","5.00","0.00","0.00","2.80","","104.00","2.00","1.92","8.01","9.00","85.00","2.00","2.35","12.99","12.50"
"/podlokotnik-reguliruemiy-turkey-2","2026-06-30 - 2026-09-28","177.00","17.00","9.60","7.54","4.41","6.00","0.00","0.00","31.00","10.00","32.26","2.58","2.60","99.00","6.00","6.06","7.23","6.17","41.00","1.00","2.44","12.98","12.00"
"/index.php?route=product/product&product_id=238","2026-06-30 - 2026-09-28","175.00","6.00","3.43","6.11","4.33","3.00","0.00","0.00","26.00","3.00","11.54","2.88","3.00","127.00","3.00","2.36","6.04","5.67","19.00","0.00","0.00","11.79",""
"/bagazhniki-dlya-mikroavtobusa","2026-06-30 - 2026-09-28","173.00","13.00","7.51","8.95","5.92","1.00","0.00","0.00","7.00","4.00","57.14","2.86","2.75","114.00","8.00","7.02","7.34","6.88","51.00","1.00","1.96","13.55","11.00"
"/bokovaya-podnozhka-ford-transit-2015g","2026-06-30 - 2026-09-28","172.00","16.00","9.30","8.33","6.63","2.00","1.00","50.00","16.00","2.00","12.50","2.56","2.50","102.00","10.00","9.80","7.21","5.70","52.00","3.00","5.77","12.60","14.33"
"/uplotnitel-okonniy-uzkiy","2026-06-30 - 2026-09-28","168.00","33.00","19.64","8.68","5.09","9.00","6.00","66.67","21.00","9.00","42.86","2.43","2.56","74.00","16.00","21.62","6.95","5.50","64.00","2.00","3.13","13.83","25.50"
"/stolik-s-elektroprivodom-dlya-mikroavtobusa","2026-06-30 - 2026-09-28","167.00","15.00","8.98","8.16","6.93","5.00","2.00","40.00","10.00","2.00","20.00","2.50","3.00","117.00","10.00","8.55","7.03","7.60","35.00","1.00","2.86","14.60","20.00"
"/podnozhki","2026-06-30 - 2026-09-28","167.00","5.00","2.99","8.28","11.00","8.00","0.00","0.00","22.00","1.00","4.55","2.41","2.00","97.00","2.00","2.06","6.73","6.00","40.00","2.00","5.00","16.73","20.50"
"/knopka-vyzova-voditelya","2026-06-30 - 2026-09-28","164.00","9.00","5.49","10.31","7.67","3.00","0.00","0.00","10.00","2.00","20.00","2.70","2.50","88.00","6.00","6.82","7.06","6.00","63.00","1.00","1.59","16.51","28.00"
"/komplekt-lyuka-53x82","2026-06-30 - 2026-09-28","163.00","5.00","3.07","10.20","4.60","6.00","1.00","16.67","18.00","0.00","0.00","2.83","","84.00","4.00","4.76","6.88","5.50","55.00","0.00","0.00","18.69",""
"/povorotnyj-mekhanizm-sideniya-usilennyj","2026-06-30 - 2026-09-28","161.00","9.00","5.59","14.03","15.00","1.00","1.00","100.00","1.00","0.00","0.00","2.00","","48.00","1.00","2.08","8.69","8.00","111.00","7.00","6.31","16.57","18.00"
"/stekla-na-gazel-next-cmf-korotkaya-baza","2026-06-30 - 2026-09-28","160.00","7.00","4.38","15.00","16.00","2.00","0.00","0.00","5.00","0.00","0.00","2.80","","46.00","1.00","2.17","8.26","8.00","107.00","6.00","5.61","18.73","17.33"
"/sidenje-gida","2026-06-30 - 2026-09-28","159.00","28.00","17.61","5.65","4.61","8.00","2.00","25.00","22.00","4.00","18.18","2.73","2.50","124.00","21.00","16.94","6.24","4.95","5.00","1.00","20.00","11.40","13.00"
"/stekla-na-citroen-jumper-l3","2026-06-30 - 2026-09-28","159.00","6.00","3.77","9.72","6.00","0.00","0.00","","7.00","1.00","14.29","2.71","3.00","80.00","5.00","6.25","7.31","6.60","72.00","0.00","0.00","13.08",""
"/kontakty","2026-06-30 - 2026-09-28","150.00","4.00","2.67","7.70","3.25","2.00","0.00","0.00","48.00","2.00","4.17","2.25","2.00","62.00","2.00","3.23","8.47","4.50","38.00","0.00","0.00","13.68",""
"/stekla-na-fiat-ducato-l4","2026-06-30 - 2026-09-28","147.00","13.00","8.84","12.91","10.00","1.00","3.00","300.00","2.00","1.00","50.00","2.50","3.00","57.00","4.00","7.02","8.47","7.50","87.00","5.00","5.75","16.20","18.80"
"/podlokotnik-turisticheskij-1","2026-06-30 - 2026-09-28","142.00","7.00","4.93","8.85","6.71","0.00","0.00","","15.00","1.00","6.67","2.60","2.00","81.00","6.00","7.41","7.54","7.50","46.00","0.00","0.00","13.20",""
"/pereoborudovanie-mikroavtobusa","2026-06-30 - 2026-09-28","136.00","7.00","5.15","15.00","10.43","0.00","0.00","","6.00","0.00","0.00","2.17","","67.00","3.00","4.48","7.30","6.00","63.00","4.00","6.35","24.41","13.75"
"/uplotnitel-okonnyj-na-mercedes-benz-sprinter-classic-gazel-biznes-sobol-barguzin","2026-06-30 - 2026-09-28","136.00","16.00","11.76","7.57","4.50","8.00","3.00","37.50","13.00","2.00","15.38","2.38","2.00","74.00","10.00","13.51","6.41","5.00","41.00","1.00","2.44","12.59","15.00"
"/polki","2026-06-30 - 2026-09-28","135.00","18.00","13.33","7.52","5.72","1.00","1.00","100.00","19.00","4.00","21.05","2.58","2.25","94.00","12.00","12.77","7.01","6.50","21.00","1.00","4.76","14.57","15.00"
"/stekla-na-volkswagen-crafter-dlinnaja-baza","2026-06-30 - 2026-09-28","125.00","9.00","7.20","9.86","5.11","1.00","1.00","100.00","3.00","2.00","66.67","2.67","2.50","67.00","6.00","8.96","8.06","6.67","54.00","0.00","0.00","12.65",""
"/shtorki-na-iveco-daily","2026-06-30 - 2026-09-28","124.00","7.00","5.65","9.29","5.86","5.00","1.00","20.00","4.00","0.00","0.00","2.75","","61.00","5.00","8.20","7.30","5.80","54.00","1.00","1.85","12.80","11.00"
"/katushka-retraktor","2026-06-30 - 2026-09-28","123.00","13.00","10.57","7.99","5.92","10.00","2.00","20.00","13.00","4.00","30.77","2.46","2.50","63.00","6.00","9.52","7.22","7.83","37.00","1.00","2.70","13.14","18.00"
"/elektroprivod-sdvizhnoi-dveri-kroko","2026-06-30 - 2026-09-28","120.00","4.00","3.33","11.09","21.00","0.00","0.00","","2.00","0.00","0.00","3.00","","73.00","2.00","2.74","8.08","7.00","45.00","2.00","4.44","16.33","35.00"
"/sidenje-bortovoe","2026-06-30 - 2026-09-28","117.00","3.00","2.56","6.59","4.67","5.00","0.00","0.00","14.00","1.00","7.14","2.71","3.00","86.00","2.00","2.33","6.58","5.50","12.00","0.00","0.00","13.50",""
"/otopiteli","2026-06-30 - 2026-09-28","116.00","7.00","6.03","11.34","12.86","2.00","1.00","50.00","5.00","1.00","20.00","2.40","2.00","46.00","0.00","0.00","8.04","","63.00","5.00","7.94","14.79","17.40"
"/cangovoe-kreplenie-sidushki","2026-06-30 - 2026-09-28","115.00","13.00","11.30","7.97","7.00","5.00","1.00","20.00","19.00","5.00","26.32","2.42","2.00","60.00","5.00","8.33","7.33","5.40","31.00","2.00","6.45","13.74","26.50"
"/zaglushki-pukli","2026-06-30 - 2026-09-28","110.00","2.00","1.82","10.55","19.00","0.00","0.00","","1.00","0.00","0.00","2.00","","56.00","1.00","1.79","7.93","9.00","53.00","1.00","1.89","13.47","29.00"
"/detali-pola","2026-06-30 - 2026-09-28","106.00","12.00","11.32","7.85","5.00","5.00","2.00","40.00","10.00","1.00","10.00","2.20","3.00","60.00","9.00","15.00","6.95","6.11","31.00","0.00","0.00","12.52",""
"/tumba-povorotnaya-usilennaya","2026-06-30 - 2026-09-28","102.00","3.00","2.94","9.07","3.33","1.00","1.00","100.00","4.00","1.00","25.00","2.75","2.00","69.00","1.00","1.45","7.32","7.00","28.00","0.00","0.00","14.57",""
"/ehlektroprivod-sdvizhnoj-dveri-dvuhmotornyj-mersedes-sprinter-volkswagen-crafter-kuzov-w906-c-2006-po-2018g-v-gazel-next-iveso-daily-mercedes-sprinter-slassic-turciya","2026-06-30 - 2026-09-28","100.00","6.00","6.00","10.65","7.50","0.00","0.00","","1.00","1.00","100.00","3.00","3.00","39.00","4.00","10.26","8.33","7.25","60.00","1.00","1.67","12.28","13.00"
"/nakladka-podnozhki","2026-06-30 - 2026-09-28","96.00","20.00","20.83","7.15","3.50","12.00","6.00","50.00","12.00","4.00","33.33","2.58","2.25","49.00","10.00","20.41","7.02","5.50","23.00","0.00","0.00","13.00",""
"/zamok-fortochki-mikroavtobusa-3","2026-06-30 - 2026-09-28","95.00","15.00","15.79","5.91","3.47","5.00","5.00","100.00","24.00","5.00","20.83","2.50","2.60","56.00","5.00","8.93","6.68","6.80","10.00","0.00","0.00","12.20",""
"/sidenje-inturist-ekonom","2026-06-30 - 2026-09-28","95.00","14.00","14.74","6.12","4.86","6.00","2.00","33.33","20.00","1.00","5.00","2.50","3.00","58.00","11.00","18.97","6.62","5.73","11.00","0.00","0.00","12.82",""
"/bagazhnik-navesnoi-sprinter-515-volkswagen-crafter","2026-06-30 - 2026-09-28","92.00","11.00","11.96","5.33","2.91","7.00","1.00","14.29","27.00","8.00","29.63","2.52","2.50","50.00","2.00","4.00","6.14","5.50","8.00","0.00","0.00","13.50",""
"/kreslo-lux-pulman","2026-06-30 - 2026-09-28","88.00","13.00","14.77","5.53","3.38","2.00","2.00","100.00","30.00","5.00","16.67","2.77","2.60","48.00","6.00","12.50","5.81","4.83","8.00","0.00","0.00","15.38",""
"/kronshtein-poruchnya-1","2026-06-30 - 2026-09-28","83.00","3.00","3.61","10.12","8.67","1.00","0.00","0.00","0.00","0.00","","","","42.00","2.00","4.76","7.74","7.50","40.00","1.00","2.50","12.85","11.00"
"/podgolovnikj-na-lipuchkah","2026-06-30 - 2026-09-28","83.00","9.00","10.84","10.27","8.33","0.00","0.00","","5.00","1.00","20.00","2.20","2.00","43.00","6.00","13.95","6.84","6.83","35.00","2.00","5.71","15.63","16.00"
"/tkan-dlya-okleiki-salona-mikroavtobusa","2026-06-30 - 2026-09-28","82.00","4.00","4.88","9.24","7.50","0.00","0.00","","1.00","0.00","0.00","3.00","","57.00","4.00","7.02","7.47","7.50","24.00","0.00","0.00","13.71",""
"/stekla-na-peugeot-boxer-l2","2026-06-30 - 2026-09-28","81.00","11.00","13.58","8.46","4.91","1.00","1.00","100.00","4.00","4.00","100.00","2.50","2.00","60.00","6.00","10.00","7.53","7.50","16.00","0.00","0.00","13.88",""
"/ugolokj-dlya-podiuma","2026-06-30 - 2026-09-28","77.00","9.00","11.69","6.64","5.56","6.00","2.00","33.33","9.00","1.00","11.11","2.44","3.00","51.00","5.00","9.80","7.02","6.80","11.00","1.00","9.09","11.36","11.00"
"/shtorki-na-fiat-ducato","2026-06-30 - 2026-09-28","75.00","3.00","4.00","10.00","8.00","1.00","1.00","100.00","1.00","0.00","0.00","3.00","","33.00","1.00","3.03","7.39","5.00","40.00","1.00","2.50","12.55","18.00"
"/obivka-salona","2026-06-30 - 2026-09-28","73.00","7.00","9.59","10.77","11.71","0.00","0.00","","3.00","1.00","33.33","2.33","2.00","39.00","3.00","7.69","7.69","6.33","31.00","3.00","9.68","15.45","20.33"
"/paz","2026-06-30 - 2026-09-28","69.00","5.00","7.25","9.77","11.00","1.00","0.00","0.00","4.00","1.00","25.00","2.50","2.00","37.00","1.00","2.70","7.95","4.00","27.00","3.00","11.11","13.67","16.33"
"/luk-na-mikroavtobus-50-50","2026-06-30 - 2026-09-28","68.00","7.00","10.29","11.50","18.00","0.00","0.00","","6.00","0.00","0.00","2.33","","35.00","2.00","5.71","6.69","7.00","27.00","5.00","18.52","19.78","22.40"
"/sidenja-i-komplektuyshie/komplektuyshie-dlya-sidenij?product_id=474","2026-06-30 - 2026-09-28","64.00","1.00","1.56","7.56","9.00","0.00","0.00","","4.00","0.00","0.00","2.50","","49.00","1.00","2.04","6.94","9.00","11.00","0.00","0.00","12.18",""
"/shtorki-na-citroen-jumper","2026-06-30 - 2026-09-28","64.00","11.00","17.19","8.28","5.27","3.00","0.00","0.00","6.00","4.00","66.67","2.67","2.75","31.00","6.00","19.35","6.90","5.67","24.00","1.00","4.17","12.38","13.00"
"/remen-bezopasnosti-3","2026-06-30 - 2026-09-28","63.00","2.00","3.17","11.03","8.00","0.00","0.00","","0.00","0.00","","","","29.00","2.00","6.90","8.00","8.00","34.00","0.00","0.00","13.62",""
"/bokovaya-podnozhka-volkswagen-crafter-mercedes-benz-sprinter","2026-06-30 - 2026-09-28","63.00","7.00","11.11","8.32","5.43","2.00","1.00","50.00","8.00","1.00","12.50","2.38","2.00","39.00","4.00","10.26","7.44","5.75","14.00","1.00","7.14","15.21","12.00"
"/komplekt-lyuka-60x75","2026-06-30 - 2026-09-28","57.00","1.00","1.75","10.26","3.00","4.00","0.00","0.00","3.00","1.00","33.33","3.00","3.00","29.00","0.00","0.00","8.00","","21.00","0.00","0.00","16.19",""
"/sidenje-antivandalnoe","2026-06-30 - 2026-09-28","56.00","0.00","0.00","10.38","","0.00","0.00","","0.00","0.00","","","","39.00","0.00","0.00","8.21","","17.00","0.00","0.00","15.35",""
"/kozhuh-arki-mikroavtobusa","2026-06-30 - 2026-09-28","56.00","10.00","17.86","8.48","7.40","0.00","0.00","","3.00","0.00","0.00","3.00","","33.00","7.00","21.21","6.55","5.43","20.00","3.00","15.00","12.50","12.00"
"/remni-bezopasanosti","2026-06-30 - 2026-09-28","53.00","3.00","5.66","12.74","8.00","0.00","0.00","","2.00","0.00","0.00","3.00","","20.00","3.00","15.00","8.25","8.00","31.00","0.00","0.00","16.26",""
"/tkan-i-shtory","2026-06-30 - 2026-09-28","51.00","3.00","5.88","10.86","9.00","1.00","1.00","100.00","0.00","0.00","","","","32.00","0.00","0.00","8.44","","18.00","2.00","11.11","15.72","13.00"
"/profil-svetodiodniy-12","2026-06-30 - 2026-09-28","51.00","9.00","17.65","5.18","3.33","6.00","0.00","0.00","13.00","5.00","38.46","2.54","2.40","29.00","4.00","13.79","6.52","4.50","3.00","0.00","0.00","12.00",""
"/opora-svizhnaya","2026-06-30 - 2026-09-28","49.00","7.00","14.29","7.10","3.71","3.00","2.00","66.67","5.00","2.00","40.00","2.60","3.00","31.00","3.00","9.68","6.65","6.00","10.00","0.00","0.00","12.60",""
"/komfort-bloki","2026-06-30 - 2026-09-28","47.00","6.00","12.77","9.28","5.00","2.00","1.00","50.00","6.00","1.00","16.67","2.67","3.00","30.00","4.00","13.33","6.73","6.50","9.00","0.00","0.00","24.00",""
"/armirovannyj-okonnyj-uplotnitel-dlya-avarijno-ventilyacionnogo-lyuka","2026-06-30 - 2026-09-28","46.00","4.00","8.70","8.65","3.75","9.00","3.00","33.33","2.00","0.00","0.00","2.50","","18.00","0.00","0.00","8.06","","17.00","1.00","5.88","14.06","12.00"
"/uplotnitel-okonniy-mercedes-sprinter","2026-06-30 - 2026-09-28","45.00","3.00","6.67","12.22","7.33","1.00","0.00","0.00","1.00","1.00","100.00","3.00","3.00","26.00","1.00","3.85","8.12","5.00","17.00","1.00","5.88","19.71","14.00"
"/storki-dlya-mikroavtobusov","2026-06-30 - 2026-09-28","45.00","4.00","8.89","10.73","6.75","0.00","0.00","","0.00","0.00","","","","20.00","4.00","20.00","7.45","6.75","25.00","0.00","0.00","13.36",""
"/intap","2026-06-30 - 2026-09-28","43.00","1.00","2.33","6.47","8.00","0.00","0.00","","7.00","0.00","0.00","2.71","","33.00","1.00","3.03","6.64","8.00","3.00","0.00","0.00","13.33",""
"/detali-salona","2026-06-30 - 2026-09-28","43.00","4.00","9.30","7.93","7.25","1.00","0.00","0.00","5.00","0.00","0.00","2.60","","27.00","4.00","14.81","7.04","7.25","10.00","0.00","0.00","13.70",""
"/turkey","2026-06-30 - 2026-09-28","43.00","8.00","18.60","7.28","4.13","6.00","5.00","83.33","4.00","1.00","25.00","2.50","2.00","26.00","1.00","3.85","7.88","9.00","7.00","1.00","14.29","13.14","17.00"
"/setka-na-spinku-sidenja","2026-06-30 - 2026-09-28","42.00","1.00","2.38","10.50","28.00","0.00","0.00","","0.00","0.00","","","","29.00","0.00","0.00","7.90","","13.00","1.00","7.69","16.31","28.00"
"/termo-shumoizolyaciya-dlya-mikroavtobusa-izolon-10mm","2026-06-30 - 2026-09-28","40.00","1.00","2.50","8.90","20.00","1.00","0.00","0.00","2.00","0.00","0.00","3.00","","26.00","0.00","0.00","7.73","","11.00","1.00","9.09","13.45","20.00"
"/ruchka-kreplenija","2026-06-30 - 2026-09-28","39.00","1.00","2.56","10.10","5.00","2.00","0.00","0.00","1.00","0.00","0.00","3.00","","14.00","1.00","7.14","7.79","5.00","22.00","0.00","0.00","12.73",""
"/uplotnitel-fortochki","2026-06-30 - 2026-09-28","38.00","1.00","2.63","9.13","5.00","0.00","0.00","","1.00","0.00","0.00","2.00","","23.00","1.00","4.35","6.87","5.00","14.00","0.00","0.00","13.36",""
"/stekla-na-gazel-next-cmf-dlinnaya-baza","2026-06-30 - 2026-09-28","38.00","4.00","10.53","12.76","3.25","2.00","2.00","100.00","4.00","1.00","25.00","2.50","2.00","16.00","1.00","6.25","7.69","9.00","16.00","0.00","0.00","21.88",""
"/kronshtein-poruchnya-2","2026-06-30 - 2026-09-28","37.00","2.00","5.41","9.43","5.00","0.00","0.00","","1.00","1.00","100.00","3.00","3.00","19.00","1.00","5.26","7.42","7.00","17.00","0.00","0.00","12.06",""
"/kronshtein-poruchnya-5","2026-06-30 - 2026-09-28","37.00","1.00","2.70","10.43","26.00","0.00","0.00","","1.00","0.00","0.00","3.00","","15.00","0.00","0.00","7.67","","21.00","1.00","4.76","12.76","26.00"
"/bokovaya-podnozhka-volkswagen-crafter-2017","2026-06-30 - 2026-09-28","35.00","5.00","14.29","8.23","5.80","3.00","1.00","33.33","4.00","1.00","25.00","2.75","3.00","17.00","3.00","17.65","7.76","8.33","11.00","0.00","0.00","12.91",""
"/vozdushniy-otopitel-planar-osa-9000","2026-06-30 - 2026-09-28","35.00","1.00","2.86","11.29","2.00","2.00","0.00","0.00","1.00","1.00","100.00","2.00","2.00","10.00","0.00","0.00","7.50","","22.00","0.00","0.00","14.36",""
"/opora-gida-lux","2026-06-30 - 2026-09-28","34.00","6.00","17.65","7.65","2.67","8.00","1.00","12.50","6.00","4.00","66.67","2.67","2.75","12.00","1.00","8.33","8.25","4.00","8.00","0.00","0.00","17.13",""
"/stekla-na-mercedes-sprinter-515-dlinnaya-baza","2026-06-30 - 2026-09-28","32.00","6.00","18.75","6.41","2.67","2.00","2.00","100.00","3.00","1.00","33.33","2.33","2.00","20.00","3.00","15.00","5.80","4.00","7.00","0.00","0.00","11.43",""
"/zerkalo-zadnego-vida-salonnoe","2026-06-30 - 2026-09-28","32.00","0.00","0.00","14.59","","0.00","0.00","","0.00","0.00","","","","16.00","0.00","0.00","7.50","","16.00","0.00","0.00","21.69",""
"/m1-seat","2026-06-30 - 2026-09-28","32.00","1.00","3.13","11.34","8.00","0.00","0.00","","0.00","0.00","","","","18.00","1.00","5.56","7.83","8.00","14.00","0.00","0.00","15.86",""
"/stekla-na-ford-transit-swb","2026-06-30 - 2026-09-28","31.00","2.00","6.45","14.26","8.50","0.00","0.00","","0.00","0.00","","","","11.00","1.00","9.09","8.27","6.00","20.00","1.00","5.00","17.55","11.00"
"/paz?page=2","2026-06-30 - 2026-09-28","30.00","4.00","13.33","11.73","13.00","0.00","0.00","","1.00","0.00","0.00","3.00","","16.00","3.00","18.75","7.56","6.33","13.00","1.00","7.69","17.54","33.00"
"/index.php?route=product/product&product_id=350","2026-06-30 - 2026-09-28","30.00","5.00","16.67","6.47","6.00","1.00","1.00","100.00","7.00","1.00","14.29","2.43","3.00","16.00","2.00","12.50","5.94","5.00","6.00","1.00","16.67","13.50","16.00"
"/paz/sidenje-avtolie-lux","2026-06-30 - 2026-09-28","29.00","0.00","0.00","11.79","","0.00","0.00","","1.00","0.00","0.00","3.00","","10.00","0.00","0.00","8.70","","18.00","0.00","0.00","14.00",""
"/shtorki-na-volkswagen-crafter","2026-06-30 - 2026-09-28","29.00","3.00","10.34","10.17","6.67","0.00","0.00","","2.00","0.00","0.00","2.00","","16.00","3.00","18.75","7.69","6.67","11.00","0.00","0.00","15.27",""
"/dekorativnaya-i-zashchitnaya-nakladka-na-ruchku-sdvizhnoj-dveri-mikroavtobusa","2026-06-30 - 2026-09-28","29.00","1.00","3.45","9.21","2.00","1.00","0.00","0.00","2.00","1.00","50.00","2.00","2.00","13.00","0.00","0.00","7.62","","13.00","0.00","0.00","12.54",""
"/index.php?route=product/product&product_id=429","2026-06-30 - 2026-09-28","29.00","3.00","10.34","13.10","7.00","0.00","0.00","","1.00","0.00","0.00","2.00","","11.00","2.00","18.18","7.27","4.50","17.00","1.00","5.88","17.53","12.00"
"/ljuki","2026-06-30 - 2026-09-28","29.00","0.00","0.00","11.69","","0.00","0.00","","0.00","0.00","","","","17.00","0.00","0.00","8.24","","12.00","0.00","0.00","16.58",""
"/polki-dlya-mikroavtobusa-turist-lux","2026-06-30 - 2026-09-28","27.00","4.00","14.81","6.15","7.75","1.00","0.00","0.00","3.00","0.00","0.00","2.67","","20.00","3.00","15.00","5.90","5.00","3.00","1.00","33.33","13.00","16.00"
"/index.php?route=product/product&product_id=474","2026-06-30 - 2026-09-28","27.00","0.00","0.00","11.00","","0.00","0.00","","0.00","0.00","","","","17.00","0.00","0.00","8.29","","10.00","0.00","0.00","15.60",""
"/kolpaki-hrom","2026-06-30 - 2026-09-28","27.00","2.00","7.41","13.07","7.50","0.00","0.00","","0.00","0.00","","","","16.00","2.00","12.50","8.06","7.50","11.00","0.00","0.00","20.36",""
"/pereoborudovanie-mikroavtobusov/","2026-06-30 - 2026-09-28","26.00","1.00","3.85","14.12","18.00","0.00","0.00","","0.00","0.00","","","","14.00","0.00","0.00","7.86","","12.00","1.00","8.33","21.42","18.00"
"/remni-bezopasanosti/remen-bezopasnosti-3","2026-06-30 - 2026-09-28","25.00","0.00","0.00","11.72","","0.00","0.00","","1.00","0.00","0.00","3.00","","5.00","0.00","0.00","9.40","","19.00","0.00","0.00","12.79",""
"/universalniy-blok-upravleniya","2026-06-30 - 2026-09-28","24.00","2.00","8.33","9.67","3.50","0.00","0.00","","2.00","1.00","50.00","2.50","3.00","14.00","1.00","7.14","7.86","4.00","8.00","0.00","0.00","14.63",""
"/divany-dlya-mikroavtobusov","2026-06-30 - 2026-09-28","23.00","3.00","13.04","9.00","14.67","0.00","0.00","","1.00","0.00","0.00","3.00","","19.00","2.00","10.53","7.00","6.50","3.00","1.00","33.33","23.67","31.00"
"/komplektuyushchie-stekol/zamok-fortochki-stf4","2026-06-30 - 2026-09-28","23.00","0.00","0.00","10.26","","0.00","0.00","","1.00","0.00","0.00","3.00","","9.00","0.00","0.00","6.11","","13.00","0.00","0.00","13.69",""
"/plafon-svetodiodniy-s-knopkoi","2026-06-30 - 2026-09-28","22.00","1.00","4.55","14.14","2.00","1.00","0.00","0.00","2.00","1.00","50.00","2.50","2.00","7.00","0.00","0.00","8.86","","12.00","0.00","0.00","20.25",""
"/stekla-na-mercedes-sprinter-515-korotkaya-baza","2026-06-30 - 2026-09-28","22.00","0.00","0.00","9.32","","2.00","0.00","0.00","3.00","0.00","0.00","2.67","","10.00","0.00","0.00","8.10","","7.00","0.00","0.00","16.29",""
"/podlokotnik-pryamoi","2026-06-30 - 2026-09-28","22.00","1.00","4.55","11.59","11.00","0.00","0.00","","1.00","0.00","0.00","3.00","","12.00","0.00","0.00","7.67","","9.00","1.00","11.11","17.78","11.00"
"/termo-shumoizolyaciya-dlya-mikroavtobusa-izolon-4mm","2026-06-30 - 2026-09-28","21.00","2.00","9.52","8.67","9.00","0.00","0.00","","5.00","1.00","20.00","2.40","2.00","6.00","0.00","0.00","7.50","","10.00","1.00","10.00","12.50","16.00"
"/zamok-fortochki-stf4","2026-06-30 - 2026-09-28","20.00","0.00","0.00","10.95","","0.00","0.00","","0.00","0.00","","","","11.00","0.00","0.00","6.27","","9.00","0.00","0.00","16.67",""
"/stolik-na-spinku","2026-06-30 - 2026-09-28","20.00","1.00","5.00","11.60","37.00","1.00","0.00","0.00","2.00","0.00","0.00","3.00","","10.00","0.00","0.00","6.90","","7.00","1.00","14.29","22.29","37.00"
"/sidenja-i-komplektuyshie/komplektuyshie-dlya-sidenij?page=2","2026-06-30 - 2026-09-28","19.00","2.00","10.53","8.89","3.00","0.00","0.00","","2.00","2.00","100.00","3.00","3.00","10.00","0.00","0.00","8.00","","7.00","0.00","0.00","11.86",""
"/lampa-millenium","2026-06-30 - 2026-09-28","18.00","10.00","55.56","13.94","3.70","1.00","3.00","300.00","4.00","6.00","150.00","3.00","3.00","4.00","0.00","0.00","9.00","","9.00","1.00","11.11","22.44","16.00"
"/vozduhovody","2026-06-30 - 2026-09-28","18.00","1.00","5.56","7.44","1.00","1.00","1.00","100.00","1.00","0.00","0.00","3.00","","14.00","0.00","0.00","7.71","","2.00","0.00","0.00","11.00",""
"/podlokotnik-turisticheskij","2026-06-30 - 2026-09-28","18.00","3.00","16.67","16.72","16.33","0.00","0.00","","0.00","0.00","","","","8.00","1.00","12.50","7.50","6.00","10.00","2.00","20.00","24.10","21.50"
"/sidenja-i-komplektuyshie/opory-sidenij-dlya-mikroavtobusov/nozhki-parnogo-kreplenija-sidenij","2026-06-30 - 2026-09-28","17.00","2.00","11.76","4.53","2.00","2.00","0.00","0.00","6.00","2.00","33.33","2.33","2.00","8.00","0.00","0.00","6.00","","1.00","0.00","0.00","13.00",""
"/komplektuyshie-dlya-sidenij/podlokotnik-reguliruemiy-2","2026-06-30 - 2026-09-28","17.00","2.00","11.76","11.88","1.00","2.00","2.00","100.00","0.00","0.00","","","","4.00","0.00","0.00","8.25","","11.00","0.00","0.00","15.18",""
"/shtorki-na-gazel-next-cmf","2026-06-30 - 2026-09-28","17.00","3.00","17.65","7.06","4.67","0.00","0.00","","0.00","0.00","","","","15.00","3.00","20.00","6.27","4.67","2.00","0.00","0.00","13.00",""
"/sidenja-dlya-microavtobusov/sidenje-bortovoe","2026-06-30 - 2026-09-28","16.00","0.00","0.00","7.38","","0.00","0.00","","1.00","0.00","0.00","2.00","","11.00","0.00","0.00","6.27","","4.00","0.00","0.00","11.75",""
"/stekla-na-peugeot-boxer-l4","2026-06-30 - 2026-09-28","16.00","2.00","12.50","10.69","11.00","0.00","0.00","","0.00","0.00","","","","10.00","1.00","10.00","9.10","10.00","6.00","1.00","16.67","13.33","12.00"
"/stekla-na-mercedes-sprinter-411-dlinniy-sves","2026-06-30 - 2026-09-28","15.00","2.00","13.33","10.27","9.50","0.00","0.00","","1.00","1.00","100.00","3.00","3.00","5.00","0.00","0.00","8.20","","9.00","1.00","11.11","12.22","16.00"
"/paz?page=3","2026-06-30 - 2026-09-28","15.00","0.00","0.00","11.73","","0.00","0.00","","0.00","0.00","","","","7.00","0.00","0.00","9.14","","8.00","0.00","0.00","14.00",""
"/ehlektroprivod-sdvizhnoj-dveri-dvuhmotornyj-fiat-dusato-peugeot-boxer-sitroen-jumrer-turciya","2026-06-30 - 2026-09-28","15.00","2.00","13.33","7.07","1.50","1.00","1.00","100.00","5.00","1.00","20.00","2.40","2.00","6.00","0.00","0.00","8.00","","3.00","0.00","0.00","15.00",""
"/izolyaciya-izolon-500-folgirovannyj-4mm","2026-06-30 - 2026-09-28","14.00","0.00","0.00","15.50","","0.00","0.00","","0.00","0.00","","","","7.00","0.00","0.00","8.43","","7.00","0.00","0.00","22.57",""
"/bagazhnik-rykzak-mercedes-sprinter-907","2026-06-30 - 2026-09-28","13.00","2.00","15.38","5.23","3.00","0.00","0.00","","5.00","1.00","20.00","2.60","2.00","7.00","1.00","14.29","6.29","4.00","1.00","0.00","0.00","11.00",""
"/nakladka-na-zerkala-treugolnik","2026-06-30 - 2026-09-28","13.00","2.00","15.38","7.00","5.00","2.00","0.00","0.00","2.00","1.00","50.00","3.00","3.00","7.00","1.00","14.29","8.43","7.00","2.00","0.00","0.00","12.00",""
"/komplekt-luka-turcia","2026-06-30 - 2026-09-28","13.00","4.00","30.77","6.08","6.50","0.00","0.00","","2.00","0.00","0.00","2.50","","9.00","3.00","33.33","5.67","4.67","2.00","1.00","50.00","11.50","12.00"
"/stekla-na-ford-transit-lwb","2026-06-30 - 2026-09-28","12.00","0.00","0.00","12.75","","0.00","0.00","","0.00","0.00","","","","4.00","0.00","0.00","9.50","","8.00","0.00","0.00","14.38",""
"/komplektuyshie-dlya-sidenij/ruchka-kreplenija","2026-06-30 - 2026-09-28","12.00","0.00","0.00","9.50","","0.00","0.00","","0.00","0.00","","","","6.00","0.00","0.00","6.83","","6.00","0.00","0.00","12.17",""
"/lampa-kapelka","2026-06-30 - 2026-09-28","12.00","0.00","0.00","11.83","","0.00","0.00","","0.00","0.00","","","","5.00","0.00","0.00","9.00","","7.00","0.00","0.00","13.86",""
"/russia","2026-06-30 - 2026-09-28","12.00","1.00","8.33","2.58","2.00","0.00","0.00","","11.00","1.00","9.09","2.18","2.00","1.00","0.00","0.00","7.00","","0.00","0.00","","",""
"/stekla-na-mercedes-sprinter-411-korotkaya-baza","2026-06-30 - 2026-09-28","12.00","1.00","8.33","7.25","1.00","1.00","1.00","100.00","2.00","0.00","0.00","3.00","","8.00","0.00","0.00","8.63","","1.00","0.00","0.00","11.00",""
"/podlokotnik-reguliruemiy-2","2026-06-30 - 2026-09-28","11.00","1.00","9.09","14.27","1.00","1.00","1.00","100.00","0.00","0.00","","","","5.00","0.00","0.00","8.80","","5.00","0.00","0.00","22.40",""
"/termo-shumoizolyaciya-dlya-mikroavtobusa-izolon-8mm","2026-06-30 - 2026-09-28","11.00","2.00","18.18","9.18","8.00","0.00","0.00","","1.00","0.00","0.00","3.00","","6.00","2.00","33.33","6.83","8.00","4.00","0.00","0.00","14.25",""
"/shtorki-dlya-mikroavtobusa-poshtuchno","2026-06-30 - 2026-09-28","11.00","2.00","18.18","7.00","4.50","0.00","0.00","","0.00","0.00","","","","9.00","2.00","22.22","5.78","4.50","2.00","0.00","0.00","12.50",""
"/lampa-millenium-transfer","2026-06-30 - 2026-09-28","11.00","1.00","9.09","9.64","1.00","1.00","1.00","100.00","2.00","0.00","0.00","3.00","","6.00","0.00","0.00","7.83","","2.00","0.00","0.00","26.00",""
"/remen-bezopasnosti-2","2026-06-30 - 2026-09-28","11.00","0.00","0.00","9.91","","0.00","0.00","","0.00","0.00","","","","6.00","0.00","0.00","8.33","","5.00","0.00","0.00","11.80",""
"/shtorki-na-ford-transit-do-2014","2026-06-30 - 2026-09-28","10.00","2.00","20.00","9.60","8.00","0.00","0.00","","0.00","0.00","","","","7.00","1.00","14.29","8.86","4.00","3.00","1.00","33.33","11.33","12.00"
"/vozduhoraspredelitel-v-salon-mikroavtobusa","2026-06-30 - 2026-09-28","10.00","0.00","0.00","7.30","","0.00","0.00","","1.00","0.00","0.00","3.00","","8.00","0.00","0.00","7.38","","1.00","0.00","0.00","11.00",""
"/naklada-na-zadnie-stopi","2026-06-30 - 2026-09-28","10.00","0.00","0.00","7.40","","0.00","0.00","","1.00","0.00","0.00","2.00","","7.00","0.00","0.00","7.00","","2.00","0.00","0.00","11.50",""
"/opory-sidenij-dlya-mikroavtobusov/nozhki-parnogo-kreplenija-sidenij","2026-06-30 - 2026-09-28","10.00","1.00","10.00","5.20","1.00","2.00","1.00","50.00","0.00","0.00","","","","8.00","0.00","0.00","6.25","","0.00","0.00","","",""
"/shtorki-na-mercedes-sprinter","2026-06-30 - 2026-09-28","10.00","3.00","30.00","10.60","8.67","0.00","0.00","","1.00","0.00","0.00","3.00","","6.00","2.00","33.33","7.17","6.00","3.00","1.00","33.33","20.00","14.00"
"/specoborudovanie","2026-06-30 - 2026-09-28","10.00","2.00","20.00","7.90","8.50","1.00","0.00","0.00","1.00","0.00","0.00","3.00","","4.00","1.00","25.00","7.25","6.00","4.00","1.00","25.00","11.50","11.00"
"/detali-kuzova-mikroavtobusa","2026-06-30 - 2026-09-28","9.00","0.00","0.00","11.67","","0.00","0.00","","5.00","0.00","0.00","2.80","","1.00","0.00","0.00","4.00","","3.00","0.00","0.00","29.00",""
"/detali-salona/elektroprivod-sdvizhnoi-dveri-kroko","2026-06-30 - 2026-09-28","9.00","1.00","11.11","11.00","1.00","1.00","1.00","100.00","0.00","0.00","","","","3.00","0.00","0.00","8.67","","5.00","0.00","0.00","14.40",""
"/stekla-na-ford-transit-jumbo","2026-06-30 - 2026-09-28","9.00","0.00","0.00","11.78","","0.00","0.00","","0.00","0.00","","","","4.00","0.00","0.00","7.00","","5.00","0.00","0.00","15.60",""
"/komfort-block-aura-eco","2026-06-30 - 2026-09-28","9.00","0.00","0.00","6.67","","0.00","0.00","","3.00","0.00","0.00","2.00","","5.00","0.00","0.00","6.80","","1.00","0.00","0.00","20.00",""
"/avarijno-ventilyacionnyj-lyuk-so-steklyannoj-kryshkoj-posadochnyj-razmer-530-820-mm-rossiya","2026-06-30 - 2026-09-28","9.00","0.00","0.00","9.44","","0.00","0.00","","0.00","0.00","","","","5.00","0.00","0.00","7.60","","4.00","0.00","0.00","11.75",""
"/zamok-fortochki-stf4?shem=aimgspc,","2026-06-30 - 2026-09-28","9.00","0.00","0.00","9.56","","0.00","0.00","","1.00","0.00","0.00","3.00","","2.00","0.00","0.00","6.00","","6.00","0.00","0.00","11.83",""
"/opora-sobol","2026-06-30 - 2026-09-28","9.00","2.00","22.22","7.44","3.50","0.00","0.00","","2.00","1.00","50.00","3.00","3.00","5.00","1.00","20.00","7.80","4.00","2.00","0.00","0.00","11.00",""
"/elektroprivod-sdvizhnoi-dveri-kroko?search=EP01","2026-06-30 - 2026-09-28","8.00","1.00","12.50","9.13","5.00","0.00","0.00","","0.00","0.00","","","","4.00","1.00","25.00","6.50","5.00","4.00","0.00","0.00","11.75",""
"/remen-zadnih-dverei-avtobusa","2026-06-30 - 2026-09-28","8.00","1.00","12.50","7.75","5.00","0.00","0.00","","1.00","0.00","0.00","2.00","","6.00","1.00","16.67","8.00","5.00","1.00","0.00","0.00","12.00",""
"/lira","2026-06-30 - 2026-09-28","8.00","0.00","0.00","5.50","","0.00","0.00","","3.00","0.00","0.00","2.67","","5.00","0.00","0.00","7.20","","0.00","0.00","","",""
"/sidenja-dlya-microavtobusov/sidenje-avtolie-lux","2026-06-30 - 2026-09-28","8.00","1.00","12.50","7.50","3.00","0.00","0.00","","2.00","1.00","50.00","3.00","3.00","4.00","0.00","0.00","8.00","","2.00","0.00","0.00","11.00",""
"/kronshtein-poruchnya-4","2026-06-30 - 2026-09-28","7.00","0.00","0.00","10.57","","0.00","0.00","","0.00","0.00","","","","3.00","0.00","0.00","8.67","","4.00","0.00","0.00","12.00",""
"/detali-salona/electrooborudovanie-mikroavtobusa/ehlektroprivod-sdvizhnoj-dveri-dvuhmotornyj-fiat-dusato-peugeot-boxer-sitroen-jumrer-turciya","2026-06-30 - 2026-09-28","7.00","2.00","28.57","7.29","3.50","0.00","0.00","","2.00","1.00","50.00","2.00","2.00","3.00","1.00","33.33","8.33","5.00","2.00","0.00","0.00","11.00",""
"/nakladka-na-zerkala","2026-06-30 - 2026-09-28","7.00","0.00","0.00","9.29","","0.00","0.00","","0.00","0.00","","","","4.00","0.00","0.00","7.00","","3.00","0.00","0.00","12.33",""
"/nakladka-na-zadniy-nomer","2026-06-30 - 2026-09-28","7.00","1.00","14.29","9.00","11.00","0.00","0.00","","0.00","0.00","","","","4.00","0.00","0.00","7.25","","3.00","1.00","33.33","11.33","11.00"
"/stekla?page=2","2026-06-30 - 2026-09-28","7.00","0.00","0.00","10.57","","0.00","0.00","","0.00","0.00","","","","4.00","0.00","0.00","8.75","","3.00","0.00","0.00","13.00",""
"/podlokotnik-nereguliruemiy","2026-06-30 - 2026-09-28","7.00","0.00","0.00","9.00","","0.00","0.00","","0.00","0.00","","","","6.00","0.00","0.00","8.67","","1.00","0.00","0.00","11.00",""
"/sidenja-i-komplektuyshie/komplektuyshie-dlya-sidenij/podlokotnik-reguliruemiy","2026-06-30 - 2026-09-28","6.00","0.00","0.00","8.67","","0.00","0.00","","0.00","0.00","","","","4.00","0.00","0.00","7.25","","2.00","0.00","0.00","11.50",""
"/detali-salona/obivka-salona/termo-shumoizolyaciya-dlya-mikroavtobusa-izolon-4mm","2026-06-30 - 2026-09-28","6.00","0.00","0.00","20.00","","0.00","0.00","","0.00","0.00","","","","2.00","0.00","0.00","7.50","","4.00","0.00","0.00","26.25",""
"/stekla-na-ford-transit-mvb","2026-06-30 - 2026-09-28","6.00","1.00","16.67","13.50","1.00","1.00","1.00","100.00","1.00","0.00","0.00","2.00","","0.00","0.00","","","","4.00","0.00","0.00","19.50",""
"/sidenja-i-komplektuyshie/sidenja-dlya-microavtobusov/sidenje-antivandalnoe","2026-06-30 - 2026-09-28","6.00","0.00","0.00","6.83","","0.00","0.00","","2.00","0.00","0.00","2.50","","2.00","0.00","0.00","5.00","","2.00","0.00","0.00","13.00",""
"/detali-salona/electrooborudovanie-mikroavtobusa/elektroprivod-sdvizhnoi-dveri-kroko","2026-06-30 - 2026-09-28","6.00","0.00","0.00","13.67","","0.00","0.00","","0.00","0.00","","","","2.00","0.00","0.00","6.00","","4.00","0.00","0.00","17.50",""
"/sidenja-i-komplektuyshie/opory-sidenij-dlya-mikroavtobusov/opora-svizhnaya","2026-06-30 - 2026-09-28","6.00","0.00","0.00","13.33","","0.00","0.00","","0.00","0.00","","","","2.00","0.00","0.00","6.00","","4.00","0.00","0.00","17.00",""
"/kondicionery","2026-06-30 - 2026-09-28","6.00","0.00","0.00","32.50","","0.00","0.00","","0.00","0.00","","","","0.00","0.00","","","","6.00","0.00","0.00","32.50",""
"/sidenja-i-komplektuyshie/opory-sidenij-dlya-mikroavtobusov?product_id=474","2026-06-30 - 2026-09-28","5.00","0.00","0.00","10.20","","0.00","0.00","","0.00","0.00","","","","3.00","0.00","0.00","8.67","","2.00","0.00","0.00","12.50",""
"/stekla-na-volkswagen-crafter-2017-swb","2026-06-30 - 2026-09-28","5.00","0.00","0.00","10.80","","0.00","0.00","","0.00","0.00","","","","2.00","0.00","0.00","10.00","","3.00","0.00","0.00","11.33",""
"/sidenja-i-komplektuyshie/komplektuyshie-dlya-sidenij/eko-kozha","2026-06-30 - 2026-09-28","5.00","0.00","0.00","4.80","","0.00","0.00","","2.00","0.00","0.00","2.00","","3.00","0.00","0.00","6.67","","0.00","0.00","","",""
"/kronshtein-poruchnya-6","2026-06-30 - 2026-09-28","5.00","0.00","0.00","9.60","","0.00","0.00","","0.00","0.00","","","","2.00","0.00","0.00","7.00","","3.00","0.00","0.00","11.33",""
"/shtorki-na-citroen-jumpy","2026-06-30 - 2026-09-28","5.00","0.00","0.00","21.80","","0.00","0.00","","0.00","0.00","","","","2.00","0.00","0.00","9.50","","3.00","0.00","0.00","30.00",""
"/polki-dlya-mikroavtobusa-turist-russia","2026-06-30 - 2026-09-28","5.00","1.00","20.00","8.00","8.00","0.00","0.00","","0.00","0.00","","","","4.00","1.00","25.00","7.00","8.00","1.00","0.00","0.00","12.00",""
"/sidenja-i-komplektuyshie/komplektuyshie-dlya-sidenij/stolik-na-spinku","2026-06-30 - 2026-09-28","5.00","1.00","20.00","34.00","20.00","0.00","0.00","","0.00","0.00","","","","0.00","0.00","","","","5.00","1.00","20.00","34.00","20.00"
"/turkey?page=2","2026-06-30 - 2026-09-28","5.00","0.00","0.00","6.60","","1.00","0.00","0.00","0.00","0.00","","","","3.00","0.00","0.00","6.67","","1.00","0.00","0.00","12.00",""
"/polki-turist","2026-06-30 - 2026-09-28","5.00","0.00","0.00","11.00","","0.00","0.00","","0.00","0.00","","","","2.00","0.00","0.00","10.00","","3.00","0.00","0.00","11.67",""
"/konidicionery-i-otopiteli-dlya-mikroavtobusa","2026-06-30 - 2026-09-28","5.00","0.00","0.00","27.80","","0.00","0.00","","0.00","0.00","","","","1.00","0.00","0.00","9.00","","4.00","0.00","0.00","32.50",""
"/electrooborudovanie-mikroavtobusa/elektroprivod-sdvizhnoi-dveri-kroko","2026-06-30 - 2026-09-28","5.00","0.00","0.00","9.40","","0.00","0.00","","0.00","0.00","","","","3.00","0.00","0.00","7.67","","2.00","0.00","0.00","12.00",""
"/sidenja-i-komplektuyshie/opory-sidenij-dlya-mikroavtobusov/nozhki-kreplenija-sidenja","2026-06-30 - 2026-09-28","4.00","0.00","0.00","9.25","","0.00","0.00","","0.00","0.00","","","","2.00","0.00","0.00","7.00","","2.00","0.00","0.00","11.50",""
"/index.php?route=product/product&product_id=425","2026-06-30 - 2026-09-28","4.00","1.00","25.00","12.50","18.00","0.00","0.00","","0.00","0.00","","","","2.00","0.00","0.00","9.00","","2.00","1.00","50.00","16.00","18.00"
"/nakladka-na-nomer-s-nadpisju","2026-06-30 - 2026-09-28","4.00","0.00","0.00","8.75","","0.00","0.00","","0.00","0.00","","","","2.00","0.00","0.00","5.50","","2.00","0.00","0.00","12.00",""
"/index.php?route=product/product&product_id=357","2026-06-30 - 2026-09-28","4.00","0.00","0.00","10.50","","0.00","0.00","","0.00","0.00","","","","2.00","0.00","0.00","9.50","","2.00","0.00","0.00","11.50",""
"/detali-salona/obivka-salona/kozhuh-arki-mikroavtobusa","2026-06-30 - 2026-09-28","4.00","0.00","0.00","8.50","","0.00","0.00","","0.00","0.00","","","","3.00","0.00","0.00","7.33","","1.00","0.00","0.00","12.00",""
"/detali-salona/electrooborudovanie-mikroavtobusa/electroprivod-sdvizhnoi-dveri-dvuhmotorniy-turcia","2026-06-30 - 2026-09-28","4.00","0.00","0.00","11.50","","0.00","0.00","","0.00","0.00","","","","0.00","0.00","","","","4.00","0.00","0.00","11.50",""
"/vozduhovody-dvoinie","2026-06-30 - 2026-09-28","4.00","0.00","0.00","5.50","","1.00","0.00","0.00","1.00","0.00","0.00","3.00","","1.00","0.00","0.00","7.00","","1.00","0.00","0.00","11.00",""
"/detali-salona/obivka-salona/termo-shumoizolyaciya-dlya-mikroavtobusa-izolon-8mm","2026-06-30 - 2026-09-28","4.00","0.00","0.00","14.50","","0.00","0.00","","0.00","0.00","","","","1.00","0.00","0.00","10.00","","3.00","0.00","0.00","16.00",""
"/index.php?route=product/search&search=Подлокотник паз вектор некст","2026-06-30 - 2026-09-28","4.00","1.00","25.00","13.25","8.00","0.00","0.00","","0.00","0.00","","","","1.00","1.00","100.00","8.00","8.00","3.00","0.00","0.00","15.00",""
"/nozhki-kreplenija-sidenja","2026-06-30 - 2026-09-28","4.00","1.00","25.00","9.25","4.00","0.00","0.00","","0.00","0.00","","","","3.00","1.00","33.33","8.00","4.00","1.00","0.00","0.00","13.00",""
"/detali-kuzova-mikroavtobusa/stekla-na-peugeot-boxer-l4","2026-06-30 - 2026-09-28","4.00","0.00","0.00","11.00","","0.00","0.00","","0.00","0.00","","","","0.00","0.00","","","","4.00","0.00","0.00","11.00",""
"/plafon-osvesheniya-svetodiodniy","2026-06-30 - 2026-09-28","4.00","1.00","25.00","11.50","2.00","0.00","0.00","","1.00","1.00","100.00","2.00","2.00","1.00","0.00","0.00","9.00","","2.00","0.00","0.00","17.50",""
"/russia/shtorki-na-citroen-jumper","2026-06-30 - 2026-09-28","3.00","0.00","0.00","9.33","","0.00","0.00","","0.00","0.00","","","","2.00","0.00","0.00","7.50","","1.00","0.00","0.00","13.00",""
"/index.php?route=product/product&product_id=373","2026-06-30 - 2026-09-28","3.00","0.00","0.00","6.67","","0.00","0.00","","0.00","0.00","","","","3.00","0.00","0.00","6.67","","0.00","0.00","","",""
"/stekla-na-volkwagen-crafter-korotkaya-baza","2026-06-30 - 2026-09-28","3.00","0.00","0.00","8.00","","0.00","0.00","","0.00","0.00","","","","3.00","0.00","0.00","8.00","","0.00","0.00","","",""
"/eko-kozha-premium","2026-06-30 - 2026-09-28","3.00","0.00","0.00","12.00","","0.00","0.00","","0.00","0.00","","","","0.00","0.00","","","","3.00","0.00","0.00","12.00",""
"/ventilyacia-mikroavtobusov","2026-06-30 - 2026-09-28","3.00","1.00","33.33","5.00","3.00","0.00","0.00","","2.00","1.00","50.00","3.00","3.00","1.00","0.00","0.00","9.00","","0.00","0.00","","",""
"/nakladka-na-luchok-benzobaka","2026-06-30 - 2026-09-28","3.00","0.00","0.00","16.67","","0.00","0.00","","0.00","0.00","","","","0.00","0.00","","","","3.00","0.00","0.00","16.67",""
"/sidenja-i-komplektuyshie/opory-sidenij-dlya-mikroavtobusov/povorotnyj-mekhanizm-sideniya-usilennyj","2026-06-30 - 2026-09-28","3.00","0.00","0.00","10.67","","0.00","0.00","","0.00","0.00","","","","2.00","0.00","0.00","10.00","","1.00","0.00","0.00","12.00",""
"/eko-kozha","2026-06-30 - 2026-09-28","3.00","0.00","0.00","9.67","","0.00","0.00","","0.00","0.00","","","","2.00","0.00","0.00","8.00","","1.00","0.00","0.00","13.00",""
"/detali-salona/electroprivod-sdvizhnoi-dveri-dvuhmotorniy-turcia","2026-06-30 - 2026-09-28","3.00","0.00","0.00","9.00","","0.00","0.00","","0.00","0.00","","","","2.00","0.00","0.00","7.00","","1.00","0.00","0.00","13.00",""
"/russia/elektroprivod-sdvizhnoi-dveri-kroko","2026-06-30 - 2026-09-28","3.00","0.00","0.00","16.00","","0.00","0.00","","0.00","0.00","","","","1.00","0.00","0.00","10.00","","2.00","0.00","0.00","19.00",""
"/komplektuyshie-dlya-sidenij/stolik-na-spinku","2026-06-30 - 2026-09-28","3.00","0.00","0.00","31.00","","0.00","0.00","","0.00","0.00","","","","0.00","0.00","","","","3.00","0.00","0.00","31.00",""
"/nozhki-trojnogo-kreplenija-sidenij","2026-06-30 - 2026-09-28","3.00","0.00","0.00","13.33","","0.00","0.00","","0.00","0.00","","","","1.00","0.00","0.00","9.00","","2.00","0.00","0.00","15.50",""
"/index.php?route=product/search&search=Сиденья ","2026-06-30 - 2026-09-28","3.00","0.00","0.00","7.00","","0.00","0.00","","0.00","0.00","","","","3.00","0.00","0.00","7.00","","0.00","0.00","","",""
"/opory-sidenij-dlya-mikroavtobusov/opora-kreplenie-passazhirskogo-sidenya-gazel-fermer-sdvizhnaya","2026-06-30 - 2026-09-28","3.00","0.00","0.00","24.33","","0.00","0.00","","0.00","0.00","","","","1.00","0.00","0.00","6.00","","2.00","0.00","0.00","33.50",""
"/komplektuyshie-dlya-sidenij/cangovoe-kreplenie-sidushki","2026-06-30 - 2026-09-28","3.00","0.00","0.00","14.33","","0.00","0.00","","0.00","0.00","","","","0.00","0.00","","","","3.00","0.00","0.00","14.33",""
"/sidenja-i-komplektuyshie/remni-bezopasanosti/remen-bezopasnosti-2-staticheskiy","2026-06-30 - 2026-09-28","3.00","0.00","0.00","16.33","","0.00","0.00","","0.00","0.00","","","","1.00","0.00","0.00","4.00","","2.00","0.00","0.00","22.50",""
"/sidenja-i-komplektuyshie/opory-sidenij-dlya-mikroavtobusov/opora-sobol","2026-06-30 - 2026-09-28","2.00","0.00","0.00","10.00","","0.00","0.00","","0.00","0.00","","","","1.00","0.00","0.00","9.00","","1.00","0.00","0.00","11.00",""
"/detali-kuzova-mikroavtobusa/komplektuyushchie-stekol/armirovannyj-okonnyj-uplotnitel-dlya-avarijno-ventilyacionnogo-lyuka","2026-06-30 - 2026-09-28","2.00","1.00","50.00","8.00","4.00","0.00","0.00","","0.00","0.00","","","","1.00","1.00","100.00","4.00","4.00","1.00","0.00","0.00","12.00",""
"/komplektuyshie-dlya-sidenij/podlokotnik-reguliruemiy-turkey-2","2026-06-30 - 2026-09-28","2.00","0.00","0.00","10.00","","0.00","0.00","","0.00","0.00","","","","1.00","0.00","0.00","7.00","","1.00","0.00","0.00","13.00",""
"/russia/termo-shumoizolyaciya-dlya-mikroavtobusa-izolon-8mm","2026-06-30 - 2026-09-28","2.00","0.00","0.00","11.50","","0.00","0.00","","0.00","0.00","","","","0.00","0.00","","","","2.00","0.00","0.00","11.50",""
"/sidenja-i-komplektuyshie/sidenja-dlya-microavtobusov/sidenje-bortovoe","2026-06-30 - 2026-09-28","2.00","0.00","0.00","7.50","","0.00","0.00","","0.00","0.00","","","","2.00","0.00","0.00","7.50","","0.00","0.00","","",""
"/detali-salona/obivka-salona/zaglushki-pukli","2026-06-30 - 2026-09-28","2.00","0.00","0.00","8.00","","0.00","0.00","","0.00","0.00","","","","2.00","0.00","0.00","8.00","","0.00","0.00","","",""
"/detali-kuzova-mikroavtobusa/komplektuyushchie-stekol/zamok-fortochki-stf4","2026-06-30 - 2026-09-28","2.00","0.00","0.00","12.50","","0.00","0.00","","0.00","0.00","","","","0.00","0.00","","","","2.00","0.00","0.00","12.50",""
"/poruchni/kronshtein-poruchnya-1","2026-06-30 - 2026-09-28","2.00","0.00","0.00","13.50","","0.00","0.00","","0.00","0.00","","","","0.00","0.00","","","","2.00","0.00","0.00","13.50",""
"/sidenja-i-komplektuyshie/komplektuyshie-dlya-sidenij/povorotnyj-mekhanizm-sideniya-usilennyj","2026-06-30 - 2026-09-28","2.00","0.00","0.00","9.50","","0.00","0.00","","0.00","0.00","","","","1.00","0.00","0.00","7.00","","1.00","0.00","0.00","12.00",""
"/paz/shtorki-dlya-mikroavtobusa","2026-06-30 - 2026-09-28","2.00","0.00","0.00","18.50","","0.00","0.00","","0.00","0.00","","","","0.00","0.00","","","","2.00","0.00","0.00","18.50",""
"/index.php?route=product/search&search=катафалк","2026-06-30 - 2026-09-28","2.00","0.00","0.00","4.00","","0.00","0.00","","1.00","0.00","0.00","3.00","","1.00","0.00","0.00","5.00","","0.00","0.00","","",""
"/nozhki-parnogo-kreplenija-sidenij","2026-06-30 - 2026-09-28","2.00","0.00","0.00","8.00","","0.00","0.00","","0.00","0.00","","","","2.00","0.00","0.00","8.00","","0.00","0.00","","",""
"/komplektuyshie-dlya-sidenij/podlokotnik-pryamoi","2026-06-30 - 2026-09-28","2.00","0.00","0.00","9.50","","0.00","0.00","","0.00","0.00","","","","1.00","0.00","0.00","8.00","","1.00","0.00","0.00","11.00",""
"/index.php?route=product/product&product_id=371","2026-06-30 - 2026-09-28","2.00","0.00","0.00","9.50","","0.00","0.00","","0.00","0.00","","","","1.00","0.00","0.00","6.00","","1.00","0.00","0.00","13.00",""
"/index.php?route=product/product&product_id=367","2026-06-30 - 2026-09-28","2.00","0.00","0.00","9.00","","0.00","0.00","","0.00","0.00","","","","2.00","0.00","0.00","9.00","","0.00","0.00","","",""
"/detali-salona/osveshenie/profil-svetodiodniy-10","2026-06-30 - 2026-09-28","2.00","4.00","200.00","4.00","4.00","0.00","0.00","","0.00","0.00","","","","2.00","4.00","200.00","4.00","4.00","0.00","0.00","","",""
"/sidenja-i-komplektuyshie/opory-sidenij-dlya-mikroavtobusov/opora-kreplenie-passazhirskogo-sidenya-gazel-fermer-sdvizhnaya","2026-06-30 - 2026-09-28","2.00","0.00","0.00","16.50","","0.00","0.00","","0.00","0.00","","","","0.00","0.00","","","","2.00","0.00","0.00","16.50",""
"/komplektuyshie-dlya-sidenij/skladnoj-mechanism-sidenja","2026-06-30 - 2026-09-28","2.00","0.00","0.00","11.50","","0.00","0.00","","0.00","0.00","","","","0.00","0.00","","","","2.00","0.00","0.00","11.50",""
"/index.php?route=product/search&search=Кронштейн поручня ","2026-06-30 - 2026-09-28","2.00","0.00","0.00","9.00","","0.00","0.00","","0.00","0.00","","","","1.00","0.00","0.00","7.00","","1.00","0.00","0.00","11.00",""
"/komplektuyushchie-stekol/uplotnitel-fortochki","2026-06-30 - 2026-09-28","2.00","0.00","0.00","9.00","","0.00","0.00","","0.00","0.00","","","","1.00","0.00","0.00","6.00","","1.00","0.00","0.00","12.00",""
"/turkey?page=3","2026-06-30 - 2026-09-28","2.00","0.00","0.00","14.00","","0.00","0.00","","0.00","0.00","","","","1.00","0.00","0.00","10.00","","1.00","0.00","0.00","18.00",""
"/turkey/kolpaki-hrom","2026-06-30 - 2026-09-28","2.00","0.00","0.00","9.50","","0.00","0.00","","0.00","0.00","","","","2.00","0.00","0.00","9.50","","0.00","0.00","","",""
"/gaz","2026-06-30 - 2026-09-28","2.00","0.00","0.00","10.50","","0.00","0.00","","0.00","0.00","","","","1.00","0.00","0.00","9.00","","1.00","0.00","0.00","12.00",""
"/sidenja-i-komplektuyshie/sidenje-bortovoe","2026-06-30 - 2026-09-28","2.00","0.00","0.00","4.00","","0.00","0.00","","1.00","0.00","0.00","2.00","","1.00","0.00","0.00","6.00","","0.00","0.00","","",""
"/detali-kuzova-mikroavtobusa/stekla-na-mercedes-sprinter-411-korotkaya-baza","2026-06-30 - 2026-09-28","1.00","0.00","0.00","5.00","","0.00","0.00","","0.00","0.00","","","","1.00","0.00","0.00","5.00","","0.00","0.00","","",""
"/nakladki-na-ruchki","2026-06-30 - 2026-09-28","1.00","0.00","0.00","8.00","","0.00","0.00","","0.00","0.00","","","","1.00","0.00","0.00","8.00","","0.00","0.00","","",""
"/sidenja-dlya-microavtobusov?ysclid=mte0ehsy0492725637","2026-06-30 - 2026-09-28","1.00","1.00","100.00","9.00","9.00","0.00","0.00","","0.00","0.00","","","","1.00","1.00","100.00","9.00","9.00","0.00","0.00","","",""
"/detali-salona/storki-dlya-mikroavtobusov?page=2","2026-06-30 - 2026-09-28","1.00","0.00","0.00","9.00","","0.00","0.00","","0.00","0.00","","","","1.00","0.00","0.00","9.00","","0.00","0.00","","",""
"/russia?product_id=474","2026-06-30 - 2026-09-28","1.00","0.00","0.00","5.00","","0.00","0.00","","0.00","0.00","","","","1.00","0.00","0.00","5.00","","0.00","0.00","","",""
"/detali-kuzova-mikroavtobusa/podnozhki/bokovaya-podnozhka-ford-transit-2015g","2026-06-30 - 2026-09-28","1.00","0.00","0.00","13.00","","0.00","0.00","","0.00","0.00","","","","0.00","0.00","","","","1.00","0.00","0.00","13.00",""
"/eko-kozha-komfort","2026-06-30 - 2026-09-28","1.00","0.00","0.00","12.00","","0.00","0.00","","0.00","0.00","","","","0.00","0.00","","","","1.00","0.00","0.00","12.00",""
"/index.php?route=product/search","2026-06-30 - 2026-09-28","1.00","0.00","0.00","8.00","","0.00","0.00","","0.00","0.00","","","","1.00","0.00","0.00","8.00","","0.00","0.00","","",""
"/index.php?route=product/search&search=stf2","2026-06-30 - 2026-09-28","1.00","1.00","100.00","3.00","3.00","0.00","0.00","","1.00","1.00","100.00","3.00","3.00","0.00","0.00","","","","0.00","0.00","","",""
"/stekla-na-fiat-ducato-l3","2026-06-30 - 2026-09-28","1.00","0.00","0.00","11.00","","0.00","0.00","","0.00","0.00","","","","0.00","0.00","","","","1.00","0.00","0.00","11.00",""
"/sidenja-dlya-microavtobusov/sidene-voditelya-city","2026-06-30 - 2026-09-28","1.00","0.00","0.00","35.00","","0.00","0.00","","0.00","0.00","","","","0.00","0.00","","","","1.00","0.00","0.00","35.00",""
"/index.php?route=product/product&product_id=422","2026-06-30 - 2026-09-28","1.00","0.00","0.00","12.00","","0.00","0.00","","0.00","0.00","","","","0.00","0.00","","","","1.00","0.00","0.00","12.00",""
"/detali-salona/osveshenie/profil-svetodiodniy-4","2026-06-30 - 2026-09-28","1.00","1.00","100.00","2.00","2.00","0.00","0.00","","1.00","1.00","100.00","2.00","2.00","0.00","0.00","","","","0.00","0.00","","",""
"/turkey/nakladka-na-luchok-benzobaka?page=3","2026-06-30 - 2026-09-28","1.00","0.00","0.00","43.00","","0.00","0.00","","0.00","0.00","","","","0.00","0.00","","","","1.00","0.00","0.00","43.00",""
"/hrom-paket/nakladka-na-luchok-benzobaka","2026-06-30 - 2026-09-28","1.00","0.00","0.00","28.00","","0.00","0.00","","0.00","0.00","","","","0.00","0.00","","","","1.00","0.00","0.00","28.00",""
"/podnozhki/bokovaya-podnozhka-gazel-next-gazel-nn-1","2026-06-30 - 2026-09-28","1.00","0.00","0.00","6.00","","0.00","0.00","","0.00","0.00","","","","1.00","0.00","0.00","6.00","","0.00","0.00","","",""
"/index.php?route=product/product&product_id=429&ysclid=mrjnxttb4516935759","2026-06-30 - 2026-09-28","1.00","1.00","100.00","11.00","11.00","0.00","0.00","","0.00","0.00","","","","0.00","0.00","","","","1.00","1.00","100.00","11.00","11.00"
"/paz/remen-bezopasnosti-2-staticheskiy","2026-06-30 - 2026-09-28","1.00","0.00","0.00","11.00","","0.00","0.00","","0.00","0.00","","","","0.00","0.00","","","","1.00","0.00","0.00","11.00",""
"/index.php?_route_=detali-salona/detali-pola/relsy-kreplenija","2026-06-30 - 2026-09-28","1.00","0.00","0.00","10.00","","0.00","0.00","","0.00","0.00","","","","1.00","0.00","0.00","10.00","","0.00","0.00","","",""
"/sidenja-dlya-microavtobusov?ysclid=msu892y71832644314","2026-06-30 - 2026-09-28","1.00","1.00","100.00","4.00","4.00","0.00","0.00","","0.00","0.00","","","","1.00","1.00","100.00","4.00","4.00","0.00","0.00","","",""
"/webasto","2026-06-30 - 2026-09-28","1.00","0.00","0.00","3.00","","0.00","0.00","","1.00","0.00","0.00","3.00","","0.00","0.00","","","","0.00","0.00","","",""
"/6500","2026-06-30 - 2026-09-28","1.00","0.00","0.00","2.00","","0.00","0.00","","1.00","0.00","0.00","2.00","","0.00","0.00","","","","0.00","0.00","","",""
"/index.php?route=product/search&search=Кронштейн для поручня","2026-06-30 - 2026-09-28","1.00","0.00","0.00","8.00","","0.00","0.00","","0.00","0.00","","","","1.00","0.00","0.00","8.00","","0.00","0.00","","",""
"/stekla/zamok-fortochki-mikroavtobusa","2026-06-30 - 2026-09-28","1.00","0.00","0.00","7.00","","0.00","0.00","","0.00","0.00","","","","1.00","0.00","0.00","7.00","","0.00","0.00","","",""
"/moldingi","2026-06-30 - 2026-09-28","1.00","0.00","0.00","20.00","","0.00","0.00","","0.00","0.00","","","","0.00","0.00","","","","1.00","0.00","0.00","20.00",""
"/hrom-paket/nakladka-na-zerkala-treugolnik","2026-06-30 - 2026-09-28","1.00","1.00","100.00","13.00","13.00","0.00","0.00","","0.00","0.00","","","","0.00","0.00","","","","1.00","1.00","100.00","13.00","13.00"
"/sidene-voditelya-next-na-pruzhine?ysclid=mrsbg0we3738173854","2026-06-30 - 2026-09-28","1.00","1.00","100.00","13.00","13.00","0.00","0.00","","0.00","0.00","","","","0.00","0.00","","","","1.00","1.00","100.00","13.00","13.00"
"/shtorki-na-gazel-next-19?ysclid=mtsg4sdi0856014092","2026-06-30 - 2026-09-28","1.00","1.00","100.00","4.00","4.00","0.00","0.00","","0.00","0.00","","","","1.00","1.00","100.00","4.00","4.00","0.00","0.00","","",""
"/detali-salona/storki-dlya-mikroavtobusov/shtorki-na-volkswagen-crafter-t5","2026-06-30 - 2026-09-28","1.00","1.00","100.00","30.00","30.00","0.00","0.00","","0.00","0.00","","","","0.00","0.00","","","","1.00","1.00","100.00","30.00","30.00"
"/sidenja-dlya-microavtobusov?ysclid=msodhuuk1257919418","2026-06-30 - 2026-09-28","1.00","1.00","100.00","3.00","3.00","0.00","0.00","","1.00","1.00","100.00","3.00","3.00","0.00","0.00","","","","0.00","0.00","","",""
"/electrooborudovanie-mikroavtobusa","2026-06-30 - 2026-09-28","1.00","0.00","0.00","33.00","","0.00","0.00","","0.00","0.00","","","","0.00","0.00","","","","1.00","0.00","0.00","33.00",""
"/profil-svetodiodniy-2","2026-06-30 - 2026-09-28","1.00","0.00","0.00","12.00","","0.00","0.00","","0.00","0.00","","","","0.00","0.00","","","","1.00","0.00","0.00","12.00",""
"/opory-sidenij-dlya-mikroavtobusov/nozhki-kreplenija-sidenja","2026-06-30 - 2026-09-28","1.00","0.00","0.00","4.00","","0.00","0.00","","0.00","0.00","","","","1.00","0.00","0.00","4.00","","0.00","0.00","","",""
"/profil-svetodiodniy-9","2026-06-30 - 2026-09-28","1.00","1.00","100.00","5.00","5.00","0.00","0.00","","0.00","0.00","","","","1.00","1.00","100.00","5.00","5.00","0.00","0.00","","",""
"/russia/zamok-fortochki-mikroavtobusa","2026-06-30 - 2026-09-28","1.00","0.00","0.00","19.00","","0.00","0.00","","0.00","0.00","","","","0.00","0.00","","","","1.00","0.00","0.00","19.00",""
"/divan-rivera-dlya-mikroavtobusa","2026-06-30 - 2026-09-28","1.00","1.00","100.00","10.00","10.00","0.00","0.00","","0.00","0.00","","","","1.00","1.00","100.00","10.00","10.00","0.00","0.00","","",""
"/turisticheskiy-salon-mikroavtobusa","2026-06-30 - 2026-09-28","1.00","0.00","0.00","10.00","","0.00","0.00","","0.00","0.00","","","","1.00","0.00","0.00","10.00","","0.00","0.00","","",""
"/lampa-babochka-transfer","2026-06-30 - 2026-09-28","1.00","0.00","0.00","2.00","","0.00","0.00","","1.00","0.00","0.00","2.00","","0.00","0.00","","","","0.00","0.00","","",""
"/refubrishment_test","2026-06-30 - 2026-09-28","1.00","0.00","0.00","10.00","","0.00","0.00","","0.00","0.00","","","","1.00","0.00","0.00","10.00","","0.00","0.00","","",""
"/russia/stekla-na-mercedes-sprinter-515-korotkaya-baza","2026-06-30 - 2026-09-28","1.00","0.00","0.00","10.00","","0.00","0.00","","0.00","0.00","","","","1.00","0.00","0.00","10.00","","0.00","0.00","","",""
"/sidenja-i-komplektuyshie/komplektuyshie-dlya-sidenij/setka-na-spinku-sidenja","2026-06-30 - 2026-09-28","1.00","0.00","0.00","13.00","","0.00","0.00","","0.00","0.00","","","","0.00","0.00","","","","1.00","0.00","0.00","13.00",""
"/sidenja-i-komplektuyshie/sidenja-dlya-microavtobusov/sidenje-gida","2026-06-30 - 2026-09-28","1.00","1.00","100.00","1.00","1.00","1.00","1.00","100.00","0.00","0.00","","","","0.00","0.00","","","","0.00","0.00","","",""
"/nakladki-na-radiator-2","2026-06-30 - 2026-09-28","1.00","1.00","100.00","10.00","10.00","0.00","0.00","","0.00","0.00","","","","1.00","1.00","100.00","10.00","10.00","0.00","0.00","","",""
"/obivka-salona/stolik-s-elektroprivodom-dlya-mikroavtobusa","2026-06-30 - 2026-09-28","1.00","0.00","0.00","3.00","","0.00","0.00","","1.00","0.00","0.00","3.00","","0.00","0.00","","","","0.00","0.00","","",""
"/detali-kuzova-mikroavtobusa/stekla/stekla-na-iveco-daily","2026-06-30 - 2026-09-28","1.00","0.00","0.00","13.00","","0.00","0.00","","0.00","0.00","","","","0.00","0.00","","","","1.00","0.00","0.00","13.00",""
"/sidenja-i-komplektuyshie/komplektuyshie-dlya-sidenij/podgolovnikj-na-lipuchkah","2026-06-30 - 2026-09-28","1.00","0.00","0.00","4.00","","0.00","0.00","","0.00","0.00","","","","1.00","0.00","0.00","4.00","","0.00","0.00","","",""
"/sidenja-dlya-microavtobusov?ysclid=msd93d0f0847210489","2026-06-30 - 2026-09-28","1.00","1.00","100.00","6.00","6.00","0.00","0.00","","0.00","0.00","","","","1.00","1.00","100.00","6.00","6.00","0.00","0.00","","",""
"/detali-kuzova-mikroavtobusa/hrom-paket/nakladka-na-zadniy-nomer","2026-06-30 - 2026-09-28","1.00","0.00","0.00","13.00","","0.00","0.00","","0.00","0.00","","","","0.00","0.00","","","","1.00","0.00","0.00","13.00",""
"/turkey?sort=p.model&order=ASC&page=1","2026-06-30 - 2026-09-28","1.00","0.00","0.00","8.00","","0.00","0.00","","0.00","0.00","","","","1.00","0.00","0.00","8.00","","0.00","0.00","","",""
"/sidenja-dlya-microavtobusov?ysclid=mte1e7xa0762644316","2026-06-30 - 2026-09-28","1.00","1.00","100.00","4.00","4.00","0.00","0.00","","0.00","0.00","","","","1.00","1.00","100.00","4.00","4.00","0.00","0.00","","",""
"/detali-salona/poruchni/kronshtein-poruchnya-1","2026-06-30 - 2026-09-28","1.00","0.00","0.00","5.00","","0.00","0.00","","0.00","0.00","","","","1.00","0.00","0.00","5.00","","0.00","0.00","","",""
"/lampa-spot","2026-06-30 - 2026-09-28","1.00","0.00","0.00","12.00","","0.00","0.00","","0.00","0.00","","","","0.00","0.00","","","","1.00","0.00","0.00","12.00",""
"/detali-kuzova-mikroavtobusa/hrom-paket/nakladki-na-ruchki","2026-06-30 - 2026-09-28","1.00","1.00","100.00","11.00","11.00","0.00","0.00","","0.00","0.00","","","","0.00","0.00","","","","1.00","1.00","100.00","11.00","11.00"
"/russia/stolik-na-spinku","2026-06-30 - 2026-09-28","1.00","0.00","0.00","6.00","","0.00","0.00","","0.00","0.00","","","","1.00","0.00","0.00","6.00","","0.00","0.00","","",""
"/sidenja-i-komplektuyshie/divan-analog-rivera","2026-06-30 - 2026-09-28","1.00","1.00","100.00","1.00","1.00","1.00","1.00","100.00","0.00","0.00","","","","0.00","0.00","","","","0.00","0.00","","",""
"/detali-salona/storki-dlya-mikroavtobusov/napravlyayushchie-shtorok","2026-06-30 - 2026-09-28","1.00","0.00","0.00","12.00","","0.00","0.00","","0.00","0.00","","","","0.00","0.00","","","","1.00","0.00","0.00","12.00",""
"/nakladki-na-zerkala-plastik","2026-06-30 - 2026-09-28","1.00","0.00","0.00","8.00","","0.00","0.00","","0.00","0.00","","","","1.00","0.00","0.00","8.00","","0.00","0.00","","",""
"/index.php?route=product/search&search=Стол","2026-06-30 - 2026-09-28","1.00","0.00","0.00","6.00","","0.00","0.00","","0.00","0.00","","","","1.00","0.00","0.00","6.00","","0.00","0.00","","",""
"/detali-kuzova-mikroavtobusa/podnozhki/bokovaya-podnozhka-ford-transit-2006-2014gg","2026-06-30 - 2026-09-28","1.00","0.00","0.00","14.00","","0.00","0.00","","0.00","0.00","","","","0.00","0.00","","","","1.00","0.00","0.00","14.00",""
"/poruchni/kronshtein-poruchnya-5","2026-06-30 - 2026-09-28","1.00","0.00","0.00","15.00","","0.00","0.00","","0.00","0.00","","","","0.00","0.00","","","","1.00","0.00","0.00","15.00",""
"/konidicionery-i-otopiteli-dlya-mikroavtobusa/ljuki/komplekt-lyuka-53x82","2026-06-30 - 2026-09-28","1.00","0.00","0.00","14.00","","0.00","0.00","","0.00","0.00","","","","0.00","0.00","","","","1.00","0.00","0.00","14.00",""
"/konidicionery-i-otopiteli-dlya-mikroavtobusa/ljuki/komplekt-lyuka-60x75","2026-06-30 - 2026-09-28","1.00","0.00","0.00","4.00","","0.00","0.00","","0.00","0.00","","","","1.00","0.00","0.00","4.00","","0.00","0.00","","",""
"/electrooborudovanie-mikroavtobusa/electroprivod-sdvizhnoi-dveri-dvuhmotorniy-turcia","2026-06-30 - 2026-09-28","1.00","0.00","0.00","8.00","","0.00","0.00","","0.00","0.00","","","","1.00","0.00","0.00","8.00","","0.00","0.00","","",""
"/sidenja-i-komplektuyshie/sidenja-dlya-microavtobusov/sidenje-sobol-komfort","2026-06-30 - 2026-09-28","1.00","1.00","100.00","1.00","1.00","1.00","1.00","100.00","0.00","0.00","","","","0.00","0.00","","","","0.00","0.00","","",""
